x1,x2,x3,x4,x5,x6,x7,x8,x9,x10,x11,x12,x13,x14,x15,x16,x17,x18,x19,x20,x21,x22,x23,x24,x25,x26,x27,y
8.37,-12,6,2.12,12.93,3.35,0.007217427,-0.329721479,-0.562601289,-0.787001093,-0.932781819,63.14,37.33,45.21,26.18,10.71,2.17,5.28,5.28,-1.32,6.61,0.91,1.58,-3.13,1.94,-3.13,5.07,0
12.73,1.5,3,5.04,9.54,1.9,0.013195275,-0.342011812,-0.66703424,-0.798351525,-0.928248355,70.81,36.49,48.06,24.16,6.32,3.95,7.94,7.94,-1.36,9.3,4.02,3.34,-5.94,0.09,-5.94,6.04,0
-17.76,-10.5,-9,4.6,19.43,-0.03,0.025494599,-0.349994193,-0.609179604,-0.770084014,-0.842096094,43.68,58.35,48.52,44.79,21.95,6.73,-9.05,-0.96,-9.05,8.09,-5.47,7.7,14.06,14.06,-1.67,15.73,0
-50.69,-7.5,-6,5.46,19.91,-0.62,0.020603554,-0.279220282,-0.5848269,-0.778530944,-0.915058211,45.38,83.87,57.95,44.77,18.09,3.18,8.98,8.98,-3.3,12.28,2.24,6.61,9.97,9.97,-1.56,11.53,0
-55.33,-7.5,-6,-2.37,19.26,2.77,0.018819076,-0.199653615,-0.503901298,-0.737979181,-0.863481351,43.07,86.99,55.38,41.86,15.88,2.12,-3.83,3.58,-3.83,7.41,-3.08,3.24,7.53,7.53,-4.19,11.72,0
-72.81,3,-6,5.51,16.62,1.17,0.020645631,-0.239466319,-0.561380976,-0.777498754,-0.910343902,34.45,93.3,56.67,41.66,13.99,6.23,15.01,15.01,-4.8,19.81,8.91,3.81,7.08,7.08,-6.59,13.66,0
-33.87,27,-6,-4.21,18.04,3.57,-0.032973888,-0.299509848,-0.614419392,-0.787345156,-0.920702255,37.55,78.76,44.63,43.54,18.68,7.12,16.13,16.13,-7.39,23.52,12.49,6.21,-14.89,10.38,-14.89,25.27,0
-63.96,19.5,-9,3.4,16.71,6.7,-0.032518884,-0.197968013,-0.594258662,-0.790542218,-0.908507394,23.75,96.77,41.64,47.76,19.06,8.44,16.61,16.61,-5.67,22.28,20.84,11.82,-20.84,6.83,-20.84,27.68,0
-54.69,25.5,-9,1.53,18.26,5.82,-0.032117622,-0.25342588,-0.62540147,-0.785971736,-0.909339091,32.59,94.33,46.13,48.65,21.03,10.77,21.79,21.79,-2.91,24.69,23.74,8.48,-16.14,5.94,-16.14,22.07,0
-10.22,-7.5,-6,2.09,22.84,7.7,0.004003111,-0.358515624,-0.581399761,-0.773681914,-0.841620976,64.89,68.71,59.65,46.04,23.93,2.3,5.53,5.53,-3.65,9.18,2.61,2.74,5.47,5.47,-5.23,10.7,0
9.61,-7.7,-6,3.05,20.12,1.28,-0.004942842,-0.385847058,-0.652836886,-0.811103265,-0.877554915,70.72,58,48.93,37.33,17.71,3.22,-6.08,-0.05,-6.08,6.03,2.32,4.14,9.29,9.29,-3.68,12.97,0
-3.03,-11.87,-6,2.5,20.23,2.16,0.017506703,-0.375451755,-0.70551432,-0.813915983,-0.881669452,67.07,60.31,51.43,36.86,15.19,5.53,-7.96,-0.14,-7.96,7.83,-4.35,6.45,13.34,13.34,0,13.34,0
17.84,-13.5,-6,-2.07,21.6,1.38,0.004136563,-0.367442818,-0.628008835,-0.778123011,-0.847639726,83.39,55.81,56.65,40.23,18.98,5.29,-7.39,0.5,-7.39,7.9,-4.11,7.95,14.3,14.3,0,14.3,0
3.84,-7.5,-6,2.88,19.97,-0.09,0.021008074,-0.374559066,-0.61411382,-0.802970918,-0.875421337,76.29,59.93,52.67,39.28,17.82,4.22,-8.04,2.39,-8.04,10.42,1.51,6.03,13.92,13.92,-2.9,16.82,0
-3.75,-10.5,-6,2.75,19.22,-0.16,0.014825154,-0.360273869,-0.587366555,-0.786525331,-0.847768682,72.2,63.32,53.83,39.71,16.24,7.41,-11.71,-0.23,-11.71,11.49,-3.51,10.55,19.4,19.4,0,19.4,0
11.53,-12,-6,-0.67,23.9,-0.24,0.018687363,-0.347147917,-0.580061789,-0.725510512,-0.904453319,42.51,37.37,40.16,35.04,21.07,3.3,-5.17,2.24,-5.17,7.41,0.51,6.62,12.28,12.28,-0.74,13.02,0
4.89,-18,-6,5.4,23.62,0,0.022500879,-0.374291965,-0.620453924,-0.789952733,-0.936286574,56.65,48.88,48.2,37.6,20.4,5.69,-8.29,-0.71,-8.29,7.57,-5.31,5.81,13.07,13.07,-0.45,13.53,0
18.48,-17.14,-4.5,1.42,21.65,4.79,0.00624503,-0.375516379,-0.646186071,-0.797230465,-0.868834972,75.32,50.67,48.97,34.1,18.5,5.13,-8.4,-0.37,-8.4,8.03,-3.02,7.88,15.52,15.52,0,15.52,0
-0.71,-12,-6,3.44,22.71,6.2,0.018977254,-0.357961258,-0.583344272,-0.772873029,-0.846175483,59.27,52.92,48.22,34.47,15.98,3.67,-7.04,2.7,-7.04,9.73,-0.09,5.45,11.46,11.46,-2.55,14.01,0
15.09,-11.25,3,0.19,24.03,0,0.015904446,-0.309380855,-0.507196389,-0.726856583,-0.873914154,46.41,37.08,47.2,51.57,32.14,4.06,10.56,10.56,-1.49,12.05,7.2,2.36,-4.21,3.61,-4.21,7.82,0
-18.83,-13.5,3,-0.4,24.78,1.78,0.021938356,-0.223079583,-0.509747979,-0.720031989,-0.867224312,26.4,52.17,46.72,54.6,29.31,3.61,10.15,10.15,-3.5,13.65,7.18,2.73,4.86,4.86,-1.97,6.83,0
-23.76,-19.5,3,0.67,24.25,-0.03,0.028437874,-0.217045331,-0.508490053,-0.735819111,-0.865833243,24.41,54.76,47.6,55.14,29.87,3.83,9.78,9.78,-5.48,15.26,8.8,4.88,8.34,8.34,-0.34,8.68,0
-20.5,-13.5,0,0.64,23.97,0.42,0.023049566,-0.237901229,-0.527506415,-0.762301355,-0.9142169,27.49,54.61,47.46,53.53,27.38,4.67,10.8,10.8,-1.31,12.11,7.04,1.9,3.74,3.74,-2.51,6.25,0
-13.58,-15,0,0.22,23.99,0.9,0.028578863,-0.261134481,-0.501279327,-0.733162756,-0.879764951,31.82,51.02,47.21,52.9,27.35,4.34,10.81,10.81,-2.54,13.35,6.59,2.97,4.89,4.89,-0.18,5.07,0
-11.61,-13.5,3,-0.65,24.69,-0.07,0.026681115,-0.236000082,-0.484492241,-0.678109219,-0.820735622,27.99,46.89,44.21,53.21,30.12,5.78,11.7,11.7,-0.37,12.06,8.17,1.45,3.13,3.13,-2.39,5.52,0
-9.91,-13.5,3,0.57,25.88,0.26,0.026348114,-0.2265078,-0.472648733,-0.672992671,-0.814662408,23.29,44.09,43.71,51.43,29.92,5.4,10.22,10.22,-0.34,10.56,7.61,2.31,-5.19,1.77,-5.19,6.96,0
34.95,-18,3,-0.11,25.3,-0.67,-0.033028299,-0.335665949,-0.503595048,-0.700861273,-0.848642725,41.46,31.1,43.25,48.75,30.05,1.81,-3.15,1.97,-3.15,5.13,1.74,2.34,4.96,4.96,-1.21,6.16,0
18.66,0,3,-1.67,24.76,7.52,0.014524496,-0.324975985,-0.55104707,-0.775773295,-0.909048991,73.58,45.52,50.35,38.26,21.63,1.4,-2.69,1.16,-2.69,3.84,3.07,5.66,9.1,9.1,-0.79,9.89,0
1.89,9,6,-2.57,24.62,4,-0.019606728,-0.336670649,-0.586514212,-0.784136375,-0.916737774,56.95,60.81,50.6,46.43,23.67,1.09,2.63,2.63,-1.2,3.83,8.51,2.19,4.69,4.69,-0.93,5.62,0
-5.7,0,3,-0.72,21.93,1.66,0.026232238,-0.314225423,-0.572211252,-0.768556162,-0.910694235,67.26,60.23,53.52,41.87,22.43,1.45,-2.19,1.72,-2.19,3.92,5.56,6.23,8.92,8.92,-0.72,9.64,0
-57.69,4.5,3,0.38,21.44,-4.34,0.010341647,-0.284817206,-0.578288428,-0.799623227,-0.906454208,46.81,95.83,63.87,54.27,21.26,1.83,3.81,3.81,-1.98,5.79,1.67,7.44,12.96,12.96,0,12.96,0
-40.76,0,3,-0.86,21.42,2.08,0.021742217,-0.303052429,-0.532380083,-0.807220363,-0.939945239,54.01,83.1,59.94,45.43,22,2.75,-5.44,0.83,-5.44,6.27,4.19,4.61,7.06,7.06,0,7.06,0
-53.64,6,0,0.42,23.95,1.42,0.003890072,-0.253009483,-0.513818463,-0.787323398,-0.908263983,42.18,92.53,60.5,51.93,23.1,1.89,-3.56,1.82,-3.56,5.38,7.64,4.93,8.3,8.3,-0.62,8.92,0
-16.28,-1.5,6,-3.15,23.11,-0.03,0.020318837,-0.267056178,-0.538529494,-0.740774204,-0.935389311,37.52,58.92,53.35,45.27,22.84,0.89,-1.67,1.6,-1.67,3.27,5.62,4.9,7.72,7.72,0,7.72,0
4.25,-12,0,0.68,21.13,-1.36,0.004232247,-0.332826244,-0.589608566,-0.797456751,-0.931347883,70.55,57.18,57.29,52.68,22.61,1.26,-2.5,1.34,-2.5,3.84,-1.3,2.39,-5.6,3.2,-5.6,8.8,0
36.74,3,0,-0.26,29.23,-1.84,0.005114053,-0.370103053,-0.627735536,-0.789879964,-0.922517272,96.8,48.68,63.09,50.72,27.26,1.75,-3.37,1.01,-3.37,4.38,-3.52,2.45,4.74,4.74,-4.62,9.36,0
-10.23,0,0,-1.55,14.72,0.22,0.009842404,-0.32690843,-0.590368504,-0.803796356,-0.932548284,70.51,67.74,60.24,53.65,18.84,1.53,3.23,3.23,-2.47,5.7,-0.71,2.38,4.59,4.59,-4.38,8.97,0
30.27,-13.5,0,0.18,19.3,0.01,-0.000403094,-0.358331574,-0.621033841,-0.791542699,-0.928767491,88.79,48.32,61.92,50.78,24.29,1.6,-4.23,0.18,-4.23,4.41,-4.45,2.9,-6.46,1.88,-6.46,8.34,0
39.84,-1.5,0,-1.3,29.73,1.36,0.005041888,-0.364952169,-0.622165136,-0.784674961,-0.922147883,97.52,44.75,62.31,49.76,28.01,2.03,-4.86,0.78,-4.86,5.64,-3.32,1.93,-4.79,0.55,-4.79,5.34,0
10.97,-3,0,-0.52,22.63,-0.15,-0.000919699,-0.344273917,-0.609185492,-0.799658945,-0.927018068,78.69,59.56,63.11,53.39,25.47,1,2.03,2.03,-1.55,3.58,0.58,1.85,-3.98,3.42,-3.98,7.4,0
0.67,-9,0,0.43,20.63,-0.08,0.010615754,-0.339522493,-0.621990353,-0.820965105,-0.947082686,70.88,58.27,59.05,52.51,22.55,1.91,3.79,3.79,-3.7,7.49,-2.02,3.75,6.47,6.47,-1.69,8.16,0
47.54,-16.5,3,-4.18,21.86,-3.05,0.010487066,-0.408490639,-0.585391906,-0.788083586,-0.908393537,98.93,36.33,60.36,50.4,32.17,1.67,-6.82,1.47,-6.82,8.29,-1.9,1.29,2.68,2.68,-1.77,4.44,0
40.44,-21,3,-1.81,21.69,-2.08,0.010940962,-0.379902056,-0.598837887,-0.790955731,-0.914920906,98.27,40.92,63.46,52.66,22.01,2.26,-6.92,0.4,-6.92,7.32,-3.89,2.86,5.9,5.9,-0.61,6.51,0
30.59,4.5,3,-2.41,18.83,-1.28,0.016316143,-0.368070079,-0.586730064,-0.794223257,-0.911040524,92.86,43.13,61.99,50.86,20.53,4,10.12,10.12,-4.34,14.45,4.21,4.27,-8.6,0.82,-8.6,9.42,0
34.25,-2.82,0,-1.48,18.6,3.55,0.016324937,-0.369693419,-0.622026948,-0.793595001,-0.921792619,95.21,44.11,62.4,51.67,24.53,2.18,7.24,7.24,-0.32,7.56,0.88,2.11,4.51,4.51,-3.56,8.07,0
27.98,-6,3,-3.87,22.91,0,0.017351561,-0.372108073,-0.606071024,-0.818617538,-0.937793237,90.4,46.97,63.14,50.21,23.66,2.67,4.78,4.78,-3.89,8.67,-5,2.88,5.03,5.03,-3.37,8.39,0
30.92,-13.5,3,-4.35,22.57,0.03,0.01096504,-0.362975947,-0.607634628,-0.793903983,-0.916934463,91.5,46.69,63.41,54.38,22.86,1.15,-2.25,0.94,-2.25,3.18,-4.63,3.55,6.12,6.12,-1.33,7.45,0
28.2,-3.64,0,-2.06,29.69,4.29,0.011539776,-0.370941477,-0.608411572,-0.822219095,-0.938280292,92.1,49.2,64.15,50.66,28.03,2.49,9.41,9.41,-0.76,10.17,-0.73,2.98,7.38,7.38,-2.55,9.93,0
27.71,13.5,3,-1.83,15.9,4.23,0.01703955,-0.359242338,-0.631679053,-0.794427342,-0.91768466,97.22,47.49,66.62,53.62,18.3,4.17,10.52,10.52,-5.87,16.39,4.17,4.03,-7.73,3.28,-7.73,11.01,0
25.01,10.5,3,-1.98,15.39,2.67,0.022192571,-0.35982968,-0.613621647,-0.795871515,-0.917940467,93.7,47.98,65.35,54.74,19.89,3.73,10.5,10.5,-4.31,14.81,1.14,3.19,-6.4,4.76,-6.4,11.16,0
9.81,3,3,0.38,28.2,-4.7,-0.00751092,-0.323167237,-0.629197715,-0.772616765,-0.883422608,52.42,48.36,48.9,56.88,35.31,1.29,2.27,2.27,-0.36,2.63,1.52,4.35,7.74,7.74,-0.85,8.6,0
-33.11,6,3,-6.37,28.38,0.47,0.00996771,-0.210124145,-0.620725617,-0.777742123,-0.878602515,34.53,72.45,48.26,58.58,32.63,2.2,5.59,5.59,0.29,5.3,2.41,3.27,5.4,5.4,-0.43,5.83,0
6.7,4.5,0,-1.88,30.45,-0.89,0.01021391,-0.294577999,-0.586527271,-0.756933018,-0.87640968,52.3,48.54,46.27,51.01,36.22,3.03,6.1,6.1,0.53,5.58,2.68,2.72,5.25,5.25,-0.52,5.77,0
-51.02,7.5,3,-6.34,27.9,-1.3,0.016523868,-0.175438596,-0.514361485,-0.77629539,-0.876050592,27.47,82.03,47.87,61.49,32.92,2.13,3.7,3.7,-3.19,6.89,2.17,1.84,-3.18,0.91,-3.18,4.09,0
-41.62,6,0,-2.07,28.98,0.14,0.010420907,-0.173613938,-0.532402508,-0.775502727,-0.87093951,27.73,75.26,44.12,56.79,34.44,0.98,-2.54,1.22,-2.54,3.77,2.68,1.72,3.58,3.58,-1.4,4.98,0
-9.98,22.5,0,-1.49,29.8,-6.37,0.042205395,-0.262681656,-0.583430006,-0.749657253,-0.866929615,52.07,53.91,54.5,59.31,36.81,5.85,11.78,11.78,-8.01,19.79,-1.45,4.85,8.36,8.36,-5.52,13.87,0
4.83,-10.59,0,3.89,18.89,0.91,0.02108508,-0.2527127,-0.53216194,-0.697472256,-0.897965475,54.32,43.66,49.25,42.3,26.94,4.34,-8.11,0.14,-8.11,8.26,-2.85,1.23,2.75,2.75,-2.65,5.4,0
0.75,-9,0,5,12.92,0.11,0.014336845,-0.253659616,-0.558392986,-0.692069492,-0.906136894,55.46,46.67,52.09,41.17,22.88,4.88,-7.89,0.12,-7.89,8.01,-0.64,3.88,6.65,6.65,-0.54,7.19,0
-5,-12,0,4.64,15.58,-2.73,0.001879248,-0.25109956,-0.567233107,-0.698440624,-0.901179528,49.99,51.91,54.34,43.06,23.65,3.8,-7.2,1.43,-7.2,8.62,2.19,2.75,6.12,6.12,-1.78,7.89,0
6.67,-18,0,4.58,16.92,0.03,-0.004116797,-0.255080729,-0.56592899,-0.68344847,-0.905072697,46.89,45.14,48.58,41.62,24.38,3.08,-5.04,1.02,-5.04,6.06,-2.19,2.7,4.1,4.1,-1.63,5.72,0
2.29,-15,0,5.04,14.62,-2.12,0.001877822,-0.255883176,-0.566802509,-0.693115985,-0.906288705,51.93,47.43,53.18,41.35,23.88,3.65,-6.85,1.48,-6.85,8.33,0.17,3.98,7.37,7.37,-1.65,9.02,0
7.6,-9,3,4.54,16.24,-1.3,-0.004217989,-0.256505208,-0.535050893,-0.680522001,-0.895540417,49.39,44,52.19,41.1,23.12,4.96,-9.19,0.93,-9.19,10.12,2.21,4.01,8.16,8.16,-1.96,10.12,0
5.06,-15,3,4.45,16.58,0.66,0.001742963,-0.251227086,-0.535189823,-0.678874086,-0.899809676,50,44.69,53.61,42.83,23.45,5.21,-8.68,-0.04,-8.68,8.64,1.26,2.69,4.86,4.86,-2.74,7.61,0
5.21,-15,0,5.73,16.53,-3.47,-0.010611146,-0.250648124,-0.540706204,-0.674631725,-0.899415181,41.89,43.6,49.22,42.2,23.45,3.7,-6.96,1.48,-6.96,8.44,0.87,1.69,3.26,3.26,-2.45,5.7,0
5.97,-10.5,0,4.29,14.35,-3.02,0.007684064,-0.250783572,-0.525974157,-0.674094595,-0.904737832,47.18,40.96,48.93,40.07,23.68,3.52,-6.88,0.61,-6.88,7.49,-0.54,3.32,6.98,6.98,-0.26,7.24,0
11.27,13.26,7.52,-5.38,9.67,-7.74,-0.033845485,-0.385997971,-0.67560516,-0.780511668,-0.895401507,68.71,67.33,63.25,49.15,17.05,1.31,-4.34,1.49,-4.34,5.83,11.61,4,-6,2.46,-6,8.46,0
-8.57,1.5,0,-2.24,12.01,-0.26,-0.03680754,-0.360914252,-0.6628511,-0.778987793,-0.898296909,0,66.46,61.02,47.72,16.34,1.16,-2.54,0.49,-2.54,3.03,1.48,0.92,-2.84,1.01,-2.84,3.84,0
2.69,6,0,-2.15,18.57,0.11,-0.018995954,-0.380064227,-0.662245768,-0.779813851,-0.894805595,65.32,61,56.92,47.31,16.93,1.13,-2.17,1.56,-2.17,3.73,-0.51,1.62,-2.78,2.68,-2.78,5.46,0
7.9,1.5,0,-2.37,18.2,0.3,-0.006296612,-0.388557223,-0.639097062,-0.785134914,-0.890598632,87.54,64.82,66.22,43.6,11.94,2.12,-7.1,0.34,-7.1,7.44,-2.8,1.79,-4.36,0.88,-4.36,5.24,0
1.83,30,-3,-2.46,14.29,1.74,-0.011287877,-0.364919907,-0.669217703,-0.777511918,-0.893751484,75.95,65.06,67.1,47.53,17.01,3.31,9.62,9.62,-2.47,12.09,18.06,7.27,-9.87,0.58,-9.87,10.45,0
-5.97,4.5,0,-2.31,12.62,1.47,-0.017149079,-0.368823156,-0.667053806,-0.782941657,-0.896470375,76.95,74.17,64.73,46.36,13.3,1.35,-2.96,1.85,-2.96,4.8,-0.19,1.75,-4.28,2.17,-4.28,6.45,0
55.5,-4.5,6,-1.5,22.03,-7.07,-0.027161984,-0.336186713,-0.507426105,-0.707382207,-0.887693884,94.79,41.22,61.74,41.02,22.23,2.34,6.48,6.48,-2.71,9.19,3.84,4.47,7.27,7.27,0,7.27,0
20.93,0,6,-0.9,19.01,-1.12,-0.006388659,-0.313099512,-0.539224892,-0.771536408,-0.894062414,92.39,61.43,67.16,45.69,19.44,2.72,-4.31,3.76,-4.31,8.07,4.87,2.01,5.84,5.84,-1.36,7.2,0
11.53,-7.5,6,-2.96,18.23,2.42,-0.017930366,-0.314582867,-0.513755312,-0.781834787,-0.888261388,86.83,64.9,61.98,43.01,16.06,2.86,-4.74,0.57,-4.74,5.31,1.76,2.28,6.32,6.32,-1.37,7.69,0
1.65,7.5,3,0.43,17.81,1.93,-0.000498394,-0.287499539,-0.531583416,-0.779266807,-0.889135009,83.93,68.01,64.02,41.76,14.62,2.33,3.86,3.86,-3.04,6.9,6.98,2.8,5.23,5.23,-0.41,5.65,0
10.2,3,6,-1.14,19.03,0.5,-0.005983094,-0.29589783,-0.544315146,-0.768306071,-0.889248728,84.54,65.67,64.76,43.55,16.03,3.34,-5.31,1.54,-5.31,6.85,6.12,1.42,2.82,2.82,-1.41,4.23,0
-10.4,4.5,3,0.9,18.17,2.86,0.004701129,-0.283187953,-0.542851896,-0.785731338,-0.879570287,80.97,77.04,67.11,43.76,13.75,2.51,-4.08,0.08,-4.08,4.17,3.56,2.14,-4.59,3.14,-4.59,7.73,0
3.61,7.5,3,0.87,17.26,1.35,-0.000782615,-0.283088235,-0.546793098,-0.768309552,-0.879604688,81.59,67.24,63,43.07,14.33,2.27,5.73,5.73,-2.9,8.63,4.55,3.53,5.27,5.27,-0.48,5.75,0
54.93,-6,6,-0.7,19.5,-0.17,-0.032707574,-0.347716447,-0.586420099,-0.773026992,-0.913253012,102.71,47.01,64.59,40.15,17.49,1.97,3.6,3.6,-2.81,6.4,1.74,10.46,15.61,15.61,-0.8,16.41,0
41.8,4.5,6,0.53,20.9,-4.43,-0.004860763,-0.320587744,-0.526576501,-0.735088403,-0.884473386,97.12,48.53,64.77,44.74,20.98,3.46,7.98,7.98,-3.67,11.65,9.55,3.93,7.33,7.33,-2.77,10.1,0
12,3,3,-2.54,27.31,3.5,0.011164534,-0.330250183,-0.568392959,-0.772940266,-0.892938636,72.22,52.26,64.3,56.21,32.16,3.44,6.66,6.66,-5.55,12.21,1.64,8.73,13,13,0,13,0
25.75,1.5,3,-2.23,30.61,7.28,0.015932693,-0.328124047,-0.543438942,-0.75123458,-0.88440669,67.38,39.88,56.35,53.77,34.19,3.93,7.58,7.58,-5.54,13.12,1.95,8.39,11.52,11.52,0,11.52,0
56.37,-12.71,12,-5.94,8.15,2.79,-0.024320102,-0.360612085,-0.501899453,-0.698466236,-0.890257758,77.21,27.68,47.33,23.55,10.29,1.36,-2.82,0.21,-2.82,3.03,-7.25,2.87,4.58,4.58,-0.33,4.91,0
55.47,-18.36,15,-4.79,9.14,1.61,-0.035427819,-0.359951625,-0.523609654,-0.708093976,-0.890853149,0,32.49,47.25,25.11,8.63,1.7,-3.25,0.95,-3.25,4.2,-3.85,4.69,7.32,7.32,-0.25,7.57,0
57.66,-5.82,12,-4.37,7.08,2.35,-0.016567537,-0.351745701,-0.518786724,-0.695908429,-0.889507826,88.09,27.51,48.06,20.68,8.59,3.63,-5.92,1.55,-5.92,7.46,-2.32,7.79,12.8,12.8,-0.1,12.91,0
11.9,-5.69,0,1.97,9.83,2.49,-0.001362217,-0.362425504,-0.657383407,-0.83914483,-0.906782707,89.17,48.53,53.67,23.96,-0.02,2.97,-6.1,1.23,-6.1,7.33,1.12,4.41,10.32,10.32,-1.6,11.92,0
17.64,-10.89,3,0.11,7.48,1.2,-0.007759635,-0.370936305,-0.703387026,-0.850047808,-0.908392174,89.82,47.22,51.35,24.68,1.47,2.84,-6.24,0.04,-6.24,6.28,-0.7,4.53,11.6,11.6,-1.49,13.08,0
7.76,-18,3,0.73,10.45,1.9,-0.006917031,-0.345211423,-0.630125538,-0.803264696,-0.967619759,84.51,50.12,52.53,28.48,1.71,1.96,-5.15,0.75,-5.15,5.9,-1.36,3.95,9.96,9.96,-3.84,13.8,0
16.31,-12,3,-3.22,15.26,2.95,0.020146355,-0.368344024,-0.620995573,-0.808383775,-0.957141567,102.5,44.87,56.57,24.91,0.24,2.59,-5.6,-0.26,-5.6,5.33,-3.11,3.01,7.16,7.16,-0.82,7.98,0
21.3,12,3,-2.05,10.04,0.45,-0.032105683,-0.378573407,-0.655568406,-0.823475754,-0.960417651,79.61,53.38,40.27,27.03,0.18,4.43,10.15,10.15,-5.46,15.6,22.74,5.89,-10.9,6.93,-10.9,17.82,0
11.48,7.17,3,-0.56,15.47,1.4,-0.016570455,-0.343423981,-0.653098484,-0.7982508,-0.948810683,87.22,52.12,58.42,28.29,1.54,5.06,8.85,8.85,-6.92,15.77,14.06,4.62,10.89,10.89,-6.49,17.39,0
6.99,0.57,3,2.65,6.21,1.9,0.009215916,-0.334735225,-0.64738151,-0.80482007,-0.962532914,92.2,49.74,55.95,27.26,0.13,3.37,-6.12,3.37,-6.12,9.49,-0.81,3.58,8.62,8.62,-4.07,12.68,0
-18.82,-6,3,0.91,13.37,-0.53,-0.011547794,-0.325215636,-0.643222756,-0.836347213,-0.969235401,77.94,70.09,58.3,28.49,-3.92,1.42,-3.55,2.08,-3.55,5.63,-0.7,3.08,7.34,7.34,-4.2,11.54,0
-29.99,-15,0,2.57,8.23,-0.74,-0.006993397,-0.318348368,-0.698577141,-0.867460244,-0.902297033,71.81,73.58,56.89,26.41,-3.31,2.29,-5.94,3.53,-5.94,9.48,-2.34,4.43,-7.95,7.82,-7.95,15.77,0
17.49,-18,6,-5.19,13.83,5.08,-0.006859581,-0.36890088,-0.628894884,-0.814826571,-0.957625774,94.96,48.25,57.61,27.76,-0.65,5,-9.45,-0.88,-9.45,8.57,-9.49,5.22,10.47,10.47,-3.89,14.35,0
1.82,-18,3,0.81,8.52,2.16,0.024663677,-0.336105887,-0.643859395,-0.800068711,-0.962642847,88.84,50,54.5,27.67,0.96,2.91,-7.21,0.8,-7.21,8.01,-4.04,4.16,9.75,9.75,-3.49,13.24,0
-2.08,-27,0,1.28,7.92,2.87,0.014303126,-0.331803843,-0.629803556,-0.810528391,-0.967504302,90.17,54.34,58.05,27.56,-2.48,3.67,-10.36,1.34,-10.36,11.71,-12.37,6.12,10.03,10.03,-0.49,10.52,0
0.22,-16.5,0,1.05,10.43,3.77,0.019713457,-0.342546246,-0.623141095,-0.818135655,-0.968081248,92.27,52.87,57.13,27.42,-2.08,3.75,-8.71,0.13,-8.71,8.84,-4.21,3.96,9.11,9.11,-3.54,12.65,0
-2.95,16.5,0,0.81,10.16,3.38,0.015075377,-0.341781902,-0.655907274,-0.816362836,-0.978597366,91.94,53.2,62.01,29.04,-1.66,5.31,10.18,10.18,-6.42,16.6,7.27,4.29,-9.53,8.66,-9.53,18.19,0
-2.59,-15,3,-1.49,12.33,2.38,0.020426824,-0.33293711,-0.626318966,-0.81738383,-0.962968381,93.83,53.88,58.94,27.02,-0.7,3.74,-9.04,0.19,-9.04,9.23,-5.69,5.87,12.21,12.21,-3.1,15.3,0
10.56,-13.5,3,0.92,10.25,2.92,-0.006458005,-0.360622092,-0.654293247,-0.827650878,-0.968240769,93.31,52.8,58.43,25.98,-2.75,4.44,-8.52,0.04,-8.52,8.56,-8.72,4.34,10.98,10.98,-3.42,14.41,0
-3.17,18,3,-4.78,16.93,2.43,0.014850308,-0.337405585,-0.670074434,-0.809744143,-0.96287423,88.17,52.43,60.14,25.84,-0.34,5.56,9.22,9.22,-6.74,15.97,6.8,4.29,9.73,9.73,-8.07,17.8,0
7.7,16.49,3,-6.59,17.82,5.72,0.005155997,-0.377479207,-0.68747883,-0.858793421,-0.908396372,101.38,53.89,65.5,23.84,-1.94,4.87,9.65,9.65,-7.09,16.74,9.25,5.92,12.53,12.53,-7.83,20.36,0
4.25,-18,3,0.66,18.6,2.24,0.01993603,-0.356758623,-0.664213281,-0.80994439,-0.967433577,92.96,50.27,55.92,25.57,-2.16,3.89,-7.67,0.03,-7.67,7.7,-5.16,5.02,11.45,11.45,-1.07,12.52,0
-1.45,-7.43,0,0.49,6.55,3.15,0.020718285,-0.352972541,-0.654035114,-0.851049244,-0.906958144,90.44,53.14,54.57,23.29,-0.92,3.63,-6.48,0.12,-6.48,6.6,-0.35,4.52,10.86,10.86,-2.71,13.57,0
-1.96,9.14,0,0.28,8.07,3.74,0.00466231,-0.354260677,-0.66858277,-0.857734005,-0.898346659,92.22,58.32,62.71,23.67,-3.17,4.46,8.71,8.71,-6.46,15.17,5.82,4.33,10.31,10.31,-5.11,15.42,0
23.64,-6,-3,0.02,29.36,2.8,0.010980493,-0.364681566,-0.588123843,-0.718038152,-0.896955604,61.12,42.73,61.41,60.03,37.56,4.46,11.76,11.76,-0.64,12.39,1.2,3.02,4.36,4.36,-1.21,5.57,0
-2.03,6,-3,5.17,29.45,4.66,0.011419069,-0.325299335,-0.5772949,-0.721396896,-0.897228381,44.48,53.18,62.32,64.39,37.81,3.44,8.96,8.96,-1.78,10.74,3.92,2.06,3.05,3.05,-2.88,5.93,0
11.65,-7.5,-3,0.31,29.62,2.01,0.016802709,-0.350881382,-0.569598819,-0.711987669,-0.891086315,49.75,44.95,57.58,60,35.7,4.14,9.47,9.47,-1.65,11.12,1.99,1.8,3.37,3.37,-2.85,6.22,0
-27.46,-1.5,-3,3.06,24.48,0.8,0.010852679,-0.205712637,-0.571241511,-0.722202495,-0.897487683,31.82,64.67,61.93,64.17,35.31,2.2,5.23,5.23,-2.19,7.42,2.73,2.54,4.85,4.85,-1.57,6.42,0
-40.93,10.5,0,1.25,27.58,3.83,0.017991651,-0.104909701,-0.602867774,-0.726653961,-0.900558127,24.03,73.34,58.68,63.12,35.46,3.39,8.09,8.09,-2.34,10.44,2.79,2.92,4.53,4.53,-2.42,6.95,0
-16.78,7.5,3,0.75,28.72,3.64,0.011525575,-0.235492517,-0.581371454,-0.72231405,-0.890775073,34.32,60.14,61.33,65.97,37.47,3.77,-5.52,3.01,-5.52,8.53,0.52,5.5,9.23,9.23,-2,11.23,0
1.29,-21,-3,1.85,17.04,-2.9,-0.002295568,-0.333815342,-0.568360928,-0.763122695,-0.905737112,68.63,58.08,60.79,45.08,16.26,4.82,-8.87,0.18,-8.87,9.05,-7.42,7.14,-11.27,7.02,-11.27,18.29,0
13.69,-10.5,-3,1.77,22.37,-4.39,-0.024312652,-0.33675156,-0.562869888,-0.760392415,-0.906161693,62.86,53.66,56.75,44.9,17.82,4.17,-7.39,0.82,-7.39,8.21,-5.4,5.96,-9.12,3.58,-9.12,12.7,0
34.5,-12,-6,0.55,7.3,2.81,0.019858522,-0.349513669,-0.618598482,-0.690240218,-0.895604598,93.62,34.63,60.37,27.05,10.38,2.19,6,6,-1.19,7.19,2.58,2.62,4.98,4.98,-3.71,8.69,0
23.3,-7.5,-3,0.99,3.34,1.73,0.013817615,-0.344642501,-0.604946779,-0.710392224,-0.898616425,90.13,42.47,63.39,27.12,9.07,2.68,6.96,6.96,-0.98,7.93,3.31,1.64,-4.67,2.01,-4.67,6.67,0
11.62,-12,-3,0.59,2.66,1.61,0.019193928,-0.332390666,-0.606725173,-0.704720028,-0.898702768,79.62,43.48,59.43,26.59,8.3,2.75,7.08,7.08,-0.33,7.41,-0.34,1.94,3.66,3.66,-3.54,7.21,0
16.96,-6,-6,0.8,4.82,2.37,0.024517197,-0.335626264,-0.567040647,-0.695217951,-0.886794188,80.09,39.17,57.45,26.69,9.55,2.72,6.96,6.96,-1.27,8.22,1.64,1.59,-4.98,1.06,-4.98,6.04,0
17.53,-13.5,-6,1.19,3.18,1.2,0.01444109,-0.341857335,-0.610308828,-0.712287658,-0.894074424,93.31,44.85,64.71,27.28,6.78,2.29,5.75,5.75,-2.22,7.97,-0.06,3.14,6.12,6.12,-3.62,9.75,0
24.27,-1.5,-6,0.39,2.11,-0.2,0.009154229,-0.353251922,-0.612410674,-0.709615559,-0.89474446,97.57,42.91,65.98,26.37,6.42,3.9,10.8,10.8,-1.17,11.97,4.68,2.92,-8.01,1.8,-8.01,9.8,0
15.86,-10.5,-6,0.78,5.65,2.66,0.019547987,-0.336857978,-0.599018003,-0.704867688,-0.892495265,87.54,43.85,62.24,28.2,7.88,2.81,7.32,7.32,-0.89,8.22,-0.83,2.26,-4.51,3.77,-4.51,8.28,0
12.78,-7.5,-6,0.46,5.94,-0.53,0.024199209,-0.331252078,-0.609358259,-0.687774781,-0.896589943,70.91,38.35,54.73,25.56,7.79,3.19,7.99,7.99,-1.11,9.1,2.1,1.94,-3.87,3.12,-3.87,6.99,0
28.97,-7.5,-3,-1.14,3.47,2.05,0.009560648,-0.349456284,-0.59577069,-0.702944826,-0.903645453,97.42,41.1,66.26,27.56,8.96,3.42,9.03,9.03,-1.46,10.49,5.03,2.5,-6.1,3.89,-6.1,9.99,0
13.71,3,-3,0.32,3.15,7.37,0.013735932,-0.310618203,-0.562845768,-0.659462627,-0.922582424,81.9,41.5,59.72,31.39,3.91,1.69,3.15,3.15,-2.77,5.92,4.6,5.9,-12.74,1.23,-12.74,13.97,0
20.14,2.05,-1.5,1.05,2.37,2.66,0.020017294,-0.373962799,-0.640001472,-0.776111714,-0.993762994,104.24,41.29,68.54,28.37,-0.54,3.93,9.31,9.31,0.03,9.28,3.79,3.45,-6.66,3.87,-6.66,10.53,0
33.51,1.5,6,-2.76,19.11,0.27,0.03364386,-0.310547638,-0.546013532,-0.699385115,-0.892364324,60.73,16.68,49.89,37.01,26.12,3.97,6.55,6.55,-6.1,12.65,4.54,7.78,-15.8,4.71,-15.8,20.51,0
19.21,0,3,1.22,22.35,1.45,0.033576824,-0.289470408,-0.578546526,-0.705673612,-0.899746825,52.38,23.41,50.22,37.81,24.38,5.68,14.02,14.02,-6.57,20.59,11.93,3.85,7.62,7.62,-6.71,14.33,0
51.8,-9,6,-3.34,22.69,2.96,0.034231189,-0.424582157,-0.578035159,-0.692516951,-0.887249346,72.57,9.8,47.08,34.59,27.49,5.83,10.35,10.35,-9.27,19.61,6.62,5.14,10.93,10.93,-2.34,13.28,0
12.69,-9,6,-2.29,18.11,0.7,0.040109716,-0.264310581,-0.530583395,-0.709906108,-0.91102437,43.42,24.33,46.49,40.78,23.67,5.09,-9.15,5.31,-9.15,14.46,3.28,7.06,12.45,12.45,-6.54,18.99,0
4.16,-6,3,-1.3,22.4,0.68,0.03409115,-0.251926383,-0.511813029,-0.718227939,-0.911672929,37.38,30.05,44.96,42.11,23.82,4.46,-7.52,6.13,-7.52,13.65,2.72,6.06,11.11,11.11,-5.45,16.56,0
6.5,-3,6,-1.6,19.43,-0.28,0.033415995,-0.264228146,-0.58617483,-0.725108493,-0.914176483,47.5,32.45,51.18,40.47,19.67,3.97,-7.77,4.67,-7.77,12.44,5.64,7.22,-13.43,7.05,-13.43,20.48,0
-0.43,-7.5,3,1.11,20.71,-3.9,0.026706959,-0.223844332,-0.581611402,-0.704263313,-0.879941196,37.51,33.09,48.86,44.56,25.72,6.12,-10.6,-0.07,-10.6,10.52,-2.43,7.24,11.63,11.63,-11.28,22.92,0
-3.26,-9,3,0.28,21.29,-2.04,0.034892891,-0.212405414,-0.572013215,-0.720473196,-0.900181179,36.55,37.91,49.5,47.84,27.95,3.07,-6.44,3.21,-6.44,9.65,0.41,5.79,-10.92,7.99,-10.92,18.91,0
-0.75,-7.5,3,1.1,22.71,-0.71,0.027240068,-0.228064243,-0.587320372,-0.723372781,-0.913038884,35.42,35.24,50.76,47.74,29.21,5.31,-9.36,-0.88,-9.36,8.48,1.95,6.16,-10.24,8.14,-10.24,18.38,0
58.18,-10.86,6,-1.51,26.69,2.75,-0.037406051,-0.319811139,-0.614164579,-0.717248025,-0.897012912,46.05,14.8,41.23,42,26.39,5.19,-10.57,0.59,-10.57,11.16,-2.83,4.54,8.96,8.96,-2.54,11.5,0
27.79,3.32,1.5,-3.02,24.53,2.9,0.016348886,-0.340320389,-0.610282914,-0.761582177,-0.864473088,65.23,29.5,41.75,35.5,21.38,5.81,10.6,10.6,-2.35,12.95,7.33,15.82,-24.82,1.03,-24.82,25.85,0
37.61,6.11,0,-1.47,26.22,2.2,0.018580977,-0.325586149,-0.486805257,-0.70452362,-0.836961632,55.61,21.7,38.89,39.26,24.95,3.35,6.15,6.15,-4.26,10.41,4.16,10.59,-16.76,1.04,-16.76,17.8,0
21.19,6,0,-2.64,22.95,2.11,0.015819946,-0.288836337,-0.5286023,-0.735872136,-0.924345592,53.86,29.46,39.24,38.43,22.18,5.7,10.42,10.42,-0.72,11.14,6.04,14.93,-24.39,1.19,-24.39,25.58,0
11.87,-6,0,0.82,18.43,0.1,-0.016420179,-0.369806146,-0.660847326,-0.811223544,-0.951388117,94.82,63.45,67.71,45.17,4.15,4.78,-8.49,5.84,-8.49,14.33,-4.59,11.28,16.26,16.26,0,16.26,0
14.82,-15,0,0.36,15.26,5.67,0.014693035,-0.347073306,-0.57640378,-0.734254626,-0.900841871,69.17,48.65,54.39,39.9,18.47,1.95,3.67,3.67,-3.43,7.11,0.38,3.88,6.56,6.56,-0.37,6.93,0
-4.8,-12,-3,-0.52,12.27,4.71,0.014711452,-0.331785109,-0.518568723,-0.738164059,-0.901166152,59.37,58.84,53.96,41.03,18.11,2,-4.61,0.37,-4.61,4.98,-2.92,2.58,7.23,7.23,-2.46,9.68,0
-4.92,-12,-3,-0.78,15.3,4.6,0.014714972,-0.334257173,-0.520507248,-0.740773234,-0.901381772,60.32,59.3,54.8,41.38,18.06,1.72,-4.26,1.43,-4.26,5.7,-3.81,2.69,5.59,5.59,-4.53,10.12,0
-35.35,-7.5,-3,0.5,11.64,3.37,0.009546828,-0.319637462,-0.578670695,-0.758429003,-0.893152064,52,79.72,59.64,45.66,15.59,2.76,6.36,6.36,-0.98,7.35,1.7,2.02,-4.07,3.66,-4.07,7.73,0
-14.02,-6,-3,0.89,10.57,5.21,0.009286746,-0.33863527,-0.586087933,-0.754392651,-0.895478979,62.27,68.95,58.82,44.39,18.04,2.14,5.57,5.57,-3.54,9.11,1.85,2.87,5.85,5.85,-4.02,9.87,0
-2.7,-1.5,0,0.5,12.26,5.66,-0.036804126,-0.376259113,-0.564639101,-0.769065242,-0.908917209,0,70.39,55.07,42.17,16.81,2.74,4.68,4.68,-3.69,8.36,4.37,1.79,-4.2,2.89,-4.2,7.09,0
0.59,-0.97,-3,1.47,13.03,7.95,-0.036294298,-0.37267231,-0.608594549,-0.761584969,-0.903004372,0,65.72,54.87,42.91,16.48,2.58,6.48,6.48,-3.36,9.84,8.72,3.43,-6.55,2.64,-6.55,9.19,0
8.87,-13.5,0,1.23,14.31,5.1,0.00893318,-0.337813158,-0.580061143,-0.735935205,-0.906419979,63.53,52.9,54.62,41.96,20.01,2.23,-6.28,-0.04,-6.28,6.25,-2.42,1.54,3.45,3.45,-1.78,5.24,0
18.54,-0.09,-10.5,2.34,12.5,2.89,-0.007954883,-0.312456713,-0.490115761,-0.744058573,-0.928702879,72.57,42.52,56.29,37.97,16.95,2.44,-4.06,3.62,-4.06,7.68,2.61,5.74,8.41,8.41,0,8.41,0
-9.46,-1.5,-9,4.39,13.05,0.07,0.01560585,-0.290240216,-0.499857014,-0.754881935,-0.93494158,63.18,52.81,54.6,38.86,13.77,1.61,3.54,3.54,-2.78,6.32,0.4,1.87,4.01,4.01,-1.94,5.95,0
-12.82,0,-9,3.56,16.28,1.26,0.015979047,-0.299358402,-0.486152847,-0.766953626,-0.93573865,69.34,59.25,58.86,40.47,13.9,2.5,5.45,5.45,-3.43,8.88,0.92,3.53,5.47,5.47,-0.25,5.72,0
3,1.5,-9,4.48,13.55,-1.89,-0.03778213,-0.342244871,-0.51470784,-0.779448955,-0.93843053,54.1,56.02,50.21,41.02,14.64,1.87,-3.79,1.4,-3.79,5.19,1.32,3,6.06,6.06,0,6.06,0
-15.58,0,-9,3.13,13.29,-0.75,0.016814544,-0.291969142,-0.522926103,-0.777812248,-0.93495481,70.98,60.42,58.16,38.98,14.07,3.38,7.16,7.16,-4.28,11.44,4.26,3.31,6.84,6.84,-3.5,10.34,0
-32.2,0,-9,3.07,12.89,-1.5,0.015129242,-0.27814529,-0.475274613,-0.774020989,-0.93415411,49.77,66.11,54.06,41.12,12.54,4.23,9.54,9.54,-4.11,13.65,3.82,6.58,8.85,8.85,0,8.85,0
-8.59,-9.99,-9,1.7,18.92,-1.6,0.015730756,-0.29292323,-0.52186782,-0.767826465,-0.939995446,61.7,53.7,52.01,39.05,15.8,2.53,4.43,4.43,-3.51,7.94,2.13,2.21,4.49,4.49,0,4.49,0
47.72,-2.41,-6,3.64,18.64,0.47,-0.033965055,-0.316433927,-0.480463644,-0.69746165,-0.864604114,0,38.34,55.21,35.22,16.49,2.04,-3.26,1.34,-3.26,4.6,2.84,2.54,4.06,4.06,-0.58,4.65,0
-14.56,10.5,0,-1.18,10.12,-0.31,0.018816388,-0.266217754,-0.587784522,-0.775701821,-0.943968134,52.59,50.48,44.05,28.17,6.67,3.98,7.53,7.53,-2.58,10.11,6.63,3.71,-7.23,3.21,-7.23,10.44,0
-62.31,0,3,-5.96,12.44,0.11,0.002594599,-0.253778266,-0.558331124,-0.801787811,-0.940399985,38.75,90.74,50.95,39.24,5.6,3.78,5.71,5.71,-4.62,10.33,4.2,2.98,-5.37,4.38,-5.37,9.74,0
-61.56,7.5,0,-1.03,10.42,-0.19,0.002961293,-0.24137404,-0.558939284,-0.788850254,-0.939914409,33.97,88.41,47.41,39.04,5.93,5.04,10.14,10.14,-1.93,12.07,10.01,2.6,-4.32,2.73,-4.32,7.05,0
-21.69,1.5,0,-1.07,11.76,-0.28,-0.004165096,-0.272198973,-0.550010909,-0.80013487,-0.947539618,44.18,58.24,44.33,29.78,10.08,2.55,5.09,5.09,-3.27,8.36,1.24,1.36,-2.68,1.74,-2.68,4.43,0
-17.41,4.5,0,-1.39,9.9,-2.52,0.013261241,-0.269721116,-0.498842724,-0.78542971,-0.938588503,52.34,54.36,43.17,28.05,5.43,3.21,6.76,6.76,-2.21,8.96,5.22,3.92,-7.89,5.43,-7.89,13.33,0
-16.76,3,0,-1.15,5.85,-0.02,-0.003433444,-0.288560217,-0.623415334,-0.804218231,-0.944498944,55.03,58.39,42.79,27.36,3.71,2.71,4.53,4.53,-3.35,7.88,8.04,3.02,-6.11,3.88,-6.11,10,0
-15.53,1.78,-1.5,-0.88,8.79,-1.8,0.002642477,-0.3003944,-0.552257937,-0.835732597,-0.988286334,57.14,56.33,43.85,27.66,3.67,2.7,5.3,5.3,-3.83,9.13,6.66,3.7,7.63,7.63,-6.26,13.9,0
-13.02,5.16,-1.5,-0.82,13.02,-3.57,0.008215144,-0.279915524,-0.537200651,-0.799891498,-0.948810354,55.21,54.65,44.57,29.61,9.24,2.26,4.23,4.23,-2.96,7.2,7.52,3.68,-7.21,5.27,-7.21,12.48,0
-7.41,-1.83,0,-0.36,8.39,-2.45,-0.003120095,-0.302455379,-0.542993353,-0.816612081,-0.965989031,58.16,52.64,42.74,28.05,6.79,2.34,4.31,4.31,-3.5,7.81,5.76,3.8,-8.01,4.33,-8.01,12.34,0
-8.52,3.29,0,-0.6,10.46,-3.16,0.002538465,-0.298027361,-0.525946595,-0.806379103,-0.954578925,56.88,51.81,42.11,27.84,8.96,2.12,3.95,3.95,-3.24,7.19,6.33,3.46,-7,5.34,-7,12.34,0
-7.05,0,-3,-0.57,12.43,-2.4,0.007953875,-0.291020494,-0.530283714,-0.788860769,-0.938690465,59.22,52.57,45.05,29.43,8.15,2.71,4.88,4.88,-3.29,8.17,7.32,3.83,-7.36,4.78,-7.36,12.14,0
-0.04,1.5,0,-0.9,13.45,-2.52,0.007639347,-0.290144299,-0.501575026,-0.778175988,-0.933301896,59.37,47.07,43.79,28.9,9.3,2.91,-4.76,2.87,-4.76,7.63,3.4,4.84,-9.57,6.32,-9.57,15.88,0
-11.13,1.5,0,-0.87,13.27,-2.55,-0.003921054,-0.273235526,-0.53138719,-0.779407902,-0.933567221,48.51,51.74,41.81,30.01,9.5,2.43,3.68,3.68,-3.59,7.27,8.04,3.42,-6.77,5.11,-6.77,11.88,0
36.94,-15.63,6,-2.88,23.11,-2.23,-0.033690035,-0.354396387,-0.66311999,-0.733633072,-0.891524596,48.48,25.61,40.95,43.4,29.53,3.13,-4.99,0.38,-4.99,5.37,-4.81,6.86,11.34,11.34,-0.2,11.54,0
36.85,-15.31,6,-3.06,22.73,-0.92,-0.039033077,-0.35289422,-0.664892746,-0.738783363,-0.891374652,52.8,27.17,43.06,43.87,29.34,2.68,-4,-0.27,-4,3.73,-8,6.31,11.22,11.22,-0.12,11.34,0
38.87,-13.74,6,-2.8,23.03,-1.65,-0.039318961,-0.360056345,-0.670586314,-0.747693124,-0.896884697,53.47,27.1,41.41,41.03,29.79,2.9,-4.39,0.24,-4.39,4.63,-5.19,6.8,10.54,10.54,0,10.54,0
42.35,-13.5,9,0.63,25.98,-1.88,-0.03300956,-0.384409066,-0.674693948,-0.738337452,-0.891832864,47.03,25.32,27.95,42.6,29.29,3.48,-5.4,2.54,-5.4,7.95,6.09,7.16,10.55,10.55,-0.01,10.56,0
41.5,-18.83,9,1.16,24.14,-3.05,-0.039080087,-0.359751769,-0.662211767,-0.741467075,-0.891115212,56.02,26.81,41.24,39.45,28.6,3.63,-6.06,0.94,-6.06,7,-3.64,8.83,12.54,12.54,0,12.54,0
49.72,-12,9,1.58,24.69,-0.1,-0.033184639,-0.391369279,-0.673021722,-0.741252909,-0.893851823,51.03,21.39,28.8,40.42,30.14,3.47,-5.01,4.15,-5.01,9.15,7.81,7.7,11.29,11.29,-0.28,11.57,0
48.11,-13.5,9,1.51,27.44,-1.28,-0.033195584,-0.385677978,-0.671303572,-0.729080574,-0.888481462,47.64,21.97,27.13,41.19,30.75,3.17,4.93,4.93,-4.23,9.17,8.29,7.76,11.02,11.02,-0.07,11.09,0
41.92,-18,9,1.33,25.07,0.41,-0.03948556,-0.355164916,-0.663562521,-0.733713489,-0.89499918,52.01,23.55,37.23,39.28,30.44,4.43,-6.18,1.25,-6.18,7.43,-1.81,7.18,10.78,10.78,-0.02,10.79,0
45.55,-15,9,1.03,25.07,0.12,-0.039540503,-0.359120321,-0.655274797,-0.731345729,-0.88244328,54.81,22.44,38.5,40.54,30.46,4.37,-6.55,-0.05,-6.55,6.49,-4.68,8.05,11.24,11.24,0,11.24,0
23.35,-1.5,6,1.22,29.11,-0.16,0.005079258,-0.337812956,-0.621404838,-0.744767307,-0.916869484,69.87,44.83,62.71,49.45,20.66,4.98,14.51,14.51,-1.78,16.29,5.79,5.55,10.46,10.46,-6.08,16.54,0
3.34,-1.5,6,1.84,25.23,-1.83,0.003911565,-0.329591837,-0.617814626,-0.771875,-0.913520408,61.57,52.17,57.96,47.74,18.03,1.97,5.54,5.54,-1.58,7.13,0.33,1.25,-2.51,2.19,-2.51,4.7,0
-26.49,-1.5,3,0.83,26.6,-0.34,0.024266316,-0.267630311,-0.620740254,-0.768243539,-0.912352168,48.86,64.38,58.65,52.4,18.18,4.04,11.92,11.92,-1.75,13.67,1.67,3.3,-9.38,3.47,-9.38,12.84,0
-27.11,-7.5,6,1.26,26.18,-0.21,0.003762021,-0.176582479,-0.609975695,-0.752002536,-0.926260171,35.39,65.04,50.87,50.23,17.88,3.81,6.99,6.99,-5.13,12.12,1.53,4.85,6.96,6.96,-6.25,13.21,0
39.26,-5.2,3,1.47,20.15,0,0.007621596,-0.363955473,-0.622973392,-0.742165076,-0.915774571,62.65,23.63,43.28,29.03,18.81,2.82,-4.43,1.61,-4.43,6.04,-1.95,7.42,-15.54,0.25,-15.54,15.79,0
3.08,6.5,6,-1.15,17.74,1.47,0.019049263,-0.293604205,-0.611187845,-0.735420503,-0.881292204,48.47,32.88,44.54,26.28,13.93,3.49,9.13,9.13,-5.09,14.22,-2.52,5.91,-9.5,2.73,-9.5,12.23,0
44.48,-9,3,-1.21,15.79,1.05,0.007822343,-0.36795096,-0.60329817,-0.724826536,-0.867885147,74.91,21.54,43.17,25.62,15.09,2.59,-4.82,0.08,-4.82,4.9,-4.73,6.95,-12.27,0.58,-12.27,12.85,0
-11.65,6,3,3.24,16.73,0.35,0.002097834,-0.284560337,-0.648622684,-0.793882953,-0.925046564,42.1,45.84,44.8,27.71,12.68,3.37,9.07,9.07,-3.92,12.99,-2.14,3.88,-7.83,2.58,-7.83,10.41,0
-18.54,4.85,0,2.33,18.89,1.44,-0.030151795,-0.277272178,-0.536135528,-0.770304108,-0.908491201,0,54.6,30.12,30.13,13.42,2.23,5.84,5.84,-2.27,8.11,10.09,3.95,-6.4,0.37,-6.4,6.77,0
6.69,-16.5,3,1.21,18.63,-0.41,0.024542589,-0.292608395,-0.578278752,-0.725899446,-0.868427122,44.89,31.29,41.72,27.53,15.96,3.11,-5.5,0.13,-5.5,5.63,-2.69,6.42,-10.22,2.8,-10.22,13.02,0
-2.3,-4.5,6,-1.32,10.4,-0.43,0.029236977,-0.326412326,-0.58701394,-0.684042553,-0.919258988,55.51,44.33,49.95,30.76,11.48,3.79,-8.41,0.17,-8.41,8.58,5.03,7.21,-10.86,10.53,-10.86,21.39,0
-5.08,7.5,3,-2.31,10.44,-0.1,0.013412323,-0.336283186,-0.50482954,-0.718598789,-0.914153773,64.91,49.38,54.61,33.05,15.6,5.19,9.12,9.12,-8.76,17.88,17.02,6.51,-10.03,9.67,-10.03,19.7,0
12.19,16.5,0,0.26,10.08,-0.42,0.025156525,-0.342537397,-0.491377048,-0.686649421,-0.9124208,74.36,40.27,54.79,32.6,18.21,5.16,8.86,8.86,-8.76,17.62,3.94,7.11,-11.79,7.27,-11.79,19.07,0
-29.43,-6,3,-3.67,12.4,0.28,0.018605256,-0.310341623,-0.518289283,-0.734954091,-0.911954946,44.38,57.54,52.17,34.71,13.25,3.43,-7.28,3.36,-7.28,10.64,1.34,6.61,-10.37,10.09,-10.37,20.46,0
-19.75,-1.5,0,-1.11,13.79,-0.62,0.012854179,-0.33242742,-0.608351543,-0.764309455,-0.91367501,51.68,55.64,51.07,32.39,15.65,3.59,-7.11,4.41,-7.11,11.52,0.74,6.81,12.46,12.46,-9.2,21.66,0
-7.24,-4.5,0,0.5,12.44,-3.49,0.023684793,-0.32894931,-0.59905556,-0.691212278,-0.913137313,51.75,45.92,49.31,31.63,15.65,4.94,-10.03,0.46,-10.03,10.49,-1.78,5.14,11.43,11.43,-5.13,16.56,0
41.55,6,-6,-0.89,7.87,5.02,-0.032637227,-0.365533081,-0.69682699,-0.871554852,-0.939666487,114.63,52.43,60.73,33.8,9.67,2.74,7.18,7.18,-1.64,8.82,14.76,2.08,-3.39,3.17,-3.39,6.56,0
30.525,-12.75,-3,1.66,12.325,0.395,-0.000718327,-0.3780369,-0.672629766,-0.810873309,-0.909343173,67.085,26.475,41.875,32.18,17.385,3.95,-6.335,0.72,-6.335,7.055,-3.345,2.95,6.23,6.23,-3.33,9.56,1
-11.85,-13.48,-6.75,1.94,11.055,-3.585,0.03758192,-0.316420825,-0.590049684,-0.738057494,-0.913749106,65.745,56.38,63.87,42.225,16.195,4.12,-7.675,-0.05,-7.675,7.625,-2.1,5.625,9.66,9.66,-4.15,13.81,1
-12.73666667,-14.5,-2,1.743333333,32.42,-5.23,0.02221922,-0.242766436,-0.549742921,-0.741626072,-0.897271868,26.02666667,43.08,39.55,50.10666667,28.32,4.676666667,-4.206666667,1.756666667,-7.063333333,8.813333333,-3.613333333,5.28,-1.906666667,7.606666667,0,0,1
11.06,12.75,-3,1.87,22.865,4.745,0.025610101,-0.291527272,-0.556867639,-0.74159177,-0.845248707,58.485,47.51,51.81,51.545,24.88,2.895,8.6,8.6,-0.415,9.005,5.745,5.185,-8.4,1.26,-8.4,9.665,1
22.588,-5.518,3.9,4.634,24.416,1.748,0.024041099,-0.283411595,-0.518489934,-0.6821935,-0.894086196,45.83,15.082,36.016,31.594,23.872,5.91,-1.18,8.994,-9.266,18.258,5.162,14.068,25.218,25.218,-4.244,29.464,1
8.5,0,-0.75,-1.99,30.435,0.405,0.033272055,-0.202995899,-0.508131149,-0.683258924,-0.9210521,41.38,40.32,47.37,55.465,31.955,3.325,7.79,7.79,-4.67,12.46,4.47,6.67,11.945,11.945,-0.76,12.71,1
27.875,15.215,1.5,-0.3,24.7,-2.145,-0.002132128,-0.311152834,-0.508528513,-0.695869399,-0.878277749,52.665,30.785,43.93,40.97,26.8,3.74,-9.235,3.36,-9.235,12.595,2.445,15.985,-26.075,0,-26.075,26.075,1
13.91181818,-0.536363636,-5.727272727,-0.186363636,24.05909091,4.42,0.012039946,-0.234811172,-0.514253569,-0.757363647,-0.916937782,35.31181818,29.75272727,32.39454545,32.10090909,20.89090909,4.860909091,9.209090909,9.209090909,-0.31,9.520909091,7.221818182,7.766363636,-11.69363636,0,-11.69363636,11.69363636,1
32.604,12.3,6.6,-5.758,18.344,-4.094,-0.028384721,-0.37163968,-0.533911068,-0.736058317,-0.898074262,60.244,32.06,33.708,34.17,19.534,3.81,5.882,7.716,-3.548,11.268,6.092,6.896,-14.916,4.068,-14.916,18.988,1
36.206,-1.2,-3,3.296,18.058,-3.994,0.0035528,-0.354226946,-0.582201555,-0.757666568,-0.878520815,69.464,18.83,45.626,32.172,23.982,4.182,-6.426,2.21,-6.426,8.634,-7.104,3.842,6.822,6.822,-0.318,7.14,1
7.936666667,-6,0,-0.27,21.79666667,1.996666667,-0.046219029,-0.310742018,-0.602055611,-0.771877114,-0.930421755,41.88666667,27.34666667,33.1,34.26,20.71333333,4.91,-7.686666667,4.003333333,-7.686666667,11.69,0.53,3.213333333,6.406666667,6.406666667,-0.686666667,7.093333333,1
23.36,0.75,4.5,-1.87,24.2,2.855,0.000246262,-0.304421437,-0.545779164,-0.723478047,-0.866269226,60.015,40.615,45.54,42.08,24.795,5.07,11,11,-2.955,13.955,4.965,3.985,7.65,7.65,-3.95,11.595,1
-17.96,1.085263158,7.661578947,-1.711052632,30.40157895,-0.373157895,0.022430141,-0.16428978,-0.48956862,-0.67149297,-0.853488621,28.37157895,61.90315789,54.93157895,61.72210526,32.52052632,4.936315789,8.136842105,8.997368421,-1.155263158,10.15157895,3.05,0,0,0,0,0,1
13.50333333,2.5,0,-0.466666667,16.20333333,-5.063333333,0.024056908,-0.337407898,-0.627177345,-0.757970867,-0.887949475,65.04333333,32.17333333,52.58333333,32.81,16.18333333,3.733333333,3.89,5.763333333,-3.976666667,9.743333333,-0.58,3.753333333,6.16,6.16,-1.416666667,7.576666667,1
-21.42,0.75,3,3.015,25.81,2.965,0.015452047,-0.273108543,-0.486199953,-0.730273331,-0.876227876,48.105,57.525,55.745,56.03,28.69,5.01,9.94,9.94,-1.795,11.73,0.655,11.485,-21.465,1.245,-21.465,22.71,1
20.22,13.5,9,-3.27,25.86,2.16,-0.036790598,-0.337952165,-0.535990305,-0.752115059,-0.87755522,57.31,40.26,48.54,44.47,26.24,4.14,11.4,11.4,-6.9,18.3,12.66,8.92,15.66,15.66,-0.61,16.27,1
57.11,-4.5,0,1.22,20.5,-3.15,0.001972387,-0.398925251,-0.625166043,-0.700680272,-0.878195065,67.13,18.66,47.43,34.86,26.49,2.23,-3.01,0.86,-3.01,3.87,0.42,1.15,2.09,2.09,-1.61,3.69,1
14.42,2.35,-3,-1.47,28.17,-0.14,0.015384273,-0.306129255,-0.559769681,-0.695782664,-0.882661568,57.96,47.44,54.2,51.76,29.68,4.48,-8.07,7.58,-8.07,15.65,-0.2,4.29,-7.93,7.31,-7.93,15.24,1
41.76,-3,3,3.89,27.37,0.11,-0.014042623,-0.305303155,-0.484222699,-0.714480423,-0.879625805,78.17,33.04,50.02,35.13,20.56,2.36,5.67,5.67,-0.85,6.53,3.58,2.4,4.75,4.75,-3.33,8.08,1
1.89,13.872,-22.13,11.134,14.388,-2.05,0.011521861,-0.30251572,-0.497815724,-0.741411048,-0.890361389,41.51,32.346,49.312,44.214,12.652,10.49,-13.762,-0.148,-13.762,13.612,-4.56,7.294,11.852,11.852,-0.31,12.162,1
14.64,-8.48,2,1.511666667,27.57666667,0.33,-0.017824977,-0.301958871,-0.525454068,-0.704476884,-0.893733113,38.45,32.03166667,37.815,45.35,29.90666667,3.785,-6.756666667,0.856666667,-6.756666667,7.613333333,2.068333333,3.353333333,-0.696666667,3.755,-5.48,9.235,1
13.41666667,-1.993333333,-1,0.321666667,23.38166667,2.586666667,-0.009814848,-0.313944026,-0.623626596,-0.732453789,-0.909232899,26.79333333,19.13666667,32.83,32.26833333,18.315,4.383333333,-1.846666667,3.613333333,-6.5,10.11333333,1.35,5.501666667,9.691666667,9.691666667,-0.243333333,9.935,1
34.255,-7.5,-1.5,2.45,30.26,0.175,-0.005491732,-0.32970091,-0.532845727,-0.710181867,-0.837181239,55,26.16,44.125,47.93,30.42,7.585,-12.55,2.34,-12.55,14.89,0.61,7.515,13.855,13.855,-1.64,15.495,1
37.91,-1.5,6,1.56,29.15,4.51,0.006591387,-0.336292017,-0.462683824,-0.675236345,-0.884768908,55.97,13.88,43.76,42.51,29.72,5.07,13.54,13.54,-2.31,15.85,4.11,3.04,5.15,5.15,-0.06,5.21,1
81.68,9,-7.5,-1.27,10.405,6.415,0.024250534,-0.387174529,-0.579684908,-0.70850785,-0.85511085,133.765,32.65,68.505,36.315,10.03,3.395,-0.145,5.76,-6.58,12.335,1.125,7.83,13.385,13.385,-1.42,14.805,1
40.52,-9,-6,1.62,26.69,-2.32,-0.003471024,-0.322632608,-0.522801365,-0.709316151,-0.870862578,51.75,25.63,42.87,39.38,28.92,8.77,-15.02,4.31,-15.02,19.33,4.09,16.44,25.64,25.64,-0.05,25.7,1
14.44,-3.31,-6,-5.31,32.74,-0.28,0.018591586,-0.317901102,-0.569091221,-0.723485011,-0.853604666,25.8,30.97,33.53,51.43,31.19,4.59,8.25,8.25,-2.63,10.88,-1.58,2.79,6.21,6.21,-3.1,9.31,1
14.23,2.25,-5.25,3.2175,27.0275,-3.56,-0.053797162,-0.273088985,-0.497216197,-0.665128552,-0.854551483,31.9075,28.2175,40.8975,43.0975,22.4225,7.1875,-12.1925,1.85,-12.1925,14.0425,-3.0075,5.0075,8.5225,8.5225,-1.0225,9.5475,1
34.97,15,0,-0.67,18.8,-2.83,-0.030393199,-0.294729012,-0.610797024,-0.678958555,-0.84794899,37.36,5.86,26.6,21.95,20.67,5.53,-10.13,5.61,-10.13,15.75,5.52,11.52,19.6,19.6,0,19.6,1
17.405,3,-3,-1.99,18.78,1.03,0.018960778,-0.336242757,-0.526556232,-0.771003566,-0.927852474,73.835,42.265,50.075,34.28,16.595,2.845,5.975,5.975,-1.785,7.76,7.455,4.195,7.7,7.7,-5.045,12.745,1
8.764375,9.323125,-3.75,2.254375,34.31375,5.39375,0.025481258,-0.148719676,-0.516622295,-0.681537939,-0.900433184,17.933125,18.16375,27.193125,41.6925,33.678125,8.7725,9.166875,15.906875,-13.274375,29.18125,7.48875,17.134375,30.588125,30.588125,-3.86,34.448125,1
10.195,9,-1.5,-1.85,20.7,-1.2325,0.019063854,-0.336961755,-0.548778742,-0.716189311,-0.841379624,42.2125,31.2525,44.98,43.3375,24.31,5.815,7.0125,9.8125,-2.1725,11.99,-2.8325,2.8225,-2.055,3.1375,-4.7025,7.8425,1
34.87833333,-24.41333333,6,6.401666667,24.36333333,-3.703333333,0.022717448,-0.353104641,-0.516418625,-0.680705221,-0.807276068,50.66166667,15.185,37.76833333,40.67666667,25.38166667,6.16,-8.151666667,4.55,-10.63833333,15.19166667,3.553333333,7.548333333,14.96166667,14.96166667,-3.12,18.08,1
36.545,-12.75,0,0.29,26.295,1.43,-0.024494506,-0.327508037,-0.548641615,-0.707302425,-0.883074061,58.815,30.19,49.33,41.925,26.8,12.015,-18.315,-0.28,-18.315,18.035,-2.765,11.395,18.51,18.51,0,18.51,1
21.745,-3,-1.5,1.09,23.02,0.23,-0.001678779,-0.307227251,-0.572453143,-0.703929194,-0.85629436,47.785,23.85,33.695,25.705,16.565,2.19,-4.16,2.645,-4.16,6.8,2.1,4.655,7.9,7.9,-2.02,9.925,1
-14.905,-5.25,-3,1.92,10.825,1.075,-0.020175841,-0.353794932,-0.721296278,-0.823939871,-0.895781415,64.67,59.695,46.41,30.735,10.315,3.355,-6.625,2.83,-6.625,9.455,3.975,3.695,-1.43,5.375,-5.75,11.12,1
-3.65,-4.5,1.5,1.795,14.85,-1.2,0.008468416,-0.340517555,-0.489205495,-0.739138863,-0.894441618,28.235,24.545,32.56,27.735,2.55,3.77,6.415,6.415,-0.995,7.405,0.465,7.6,-13.6,0,-13.6,13.6,1
19.68,-19.57333333,43.14333333,4.646666667,7.653333333,-4.256666667,-0.003718109,-0.323002625,-0.596765422,-0.777061216,-0.877781193,98.63,63.26,61.76,39.22333333,16.64333333,5.926666667,-8.156666667,4.42,-10.72,15.14,2.093333333,11.65333333,1.993333333,12.70333333,-15.54,28.24,1
16.9,-1.5,3,2.52,24.15,-5.88,-0.002206407,-0.174565749,-0.55013087,-0.639360575,-0.877349716,37.86,36.85,37.74,39.72,24.17,6.34,-10.48,0.49,-10.48,10.97,2.04,5.97,9.99,9.99,-9.8,19.79,1
15.61090909,4.5,-3.681818182,-2.846363636,27.29636364,1.487272727,-0.000557376,-0.351923041,-0.548869507,-0.796126141,-0.898392682,57.81272727,42.10454545,41.52272727,44.90090909,28.55818182,5.379090909,-8.546363636,0.911818182,-8.546363636,9.458181818,0.75,7.235454545,12.44272727,12.44272727,-2.270909091,14.71363636,1
27.91666667,2.5,-5,0.306666667,24.12333333,5.926666667,-0.021683682,-0.389405272,-0.665270996,-0.778042042,-0.913470648,78.84,46.78333333,53.94666667,50.19,27.36,3.456666667,5.083333333,7.426666667,-2.73,10.15666667,3.773333333,5.18,9.926666667,9.926666667,-2.126666667,12.05666667,1
1.965,-3.91,3.75,1.9175,25.8525,-0.915,0.026133072,-0.308009598,-0.451901232,-0.768607656,-0.91288976,43.36,25.155,43.8075,42.145,22.195,3.685,9.9175,9.9175,-2.345,12.26,3.8625,1.58,-1.3225,1.69,-2.3425,4.0325,1
-0.16,0.75,13.5,8.2,31.535,-4.565,0.039814866,-0.166252161,-0.50780126,-0.621011543,-0.85725757,23.355,44.97,41.3,51.55,28.58,9.635,-17.505,3.655,-17.505,21.165,1.06,13.835,24.15,24.15,-3.715,27.87,1
-20.3475,-3,-3,0.4025,20.92,4.34,-0.01740431,-0.246108296,-0.56119895,-0.749917587,-0.861052439,39.2325,52.0175,44.1475,36.7825,17.25,4.8075,-4.95,2.315,-8.5925,10.905,-2.55,2.53,2.555,4.77,-2.37,7.1375,1
5.365,-2.25,9,-0.055,23.715,3.845,0.008887658,-0.314945365,-0.556485724,-0.766214311,-0.890075029,28.765,22.74,31.73,37.36,28.63,3.275,0.525,5,-5.695,10.695,5.315,2.245,4.24,4.24,-0.725,4.96,1
24.92,-1.5,-9,-0.12,28.99,2.31,-0.026503864,-0.359594932,-0.536133924,-0.736439179,-0.843326792,38.61,35.05,41.36,50.81,29.11,6.01,-9.64,0.79,-9.64,10.43,-3.04,6.48,12.41,12.41,-1.63,14.04,1
-5.32,-1.2,-4.8,1.096,20.344,-5.214,-0.003976105,-0.262640702,-0.619141161,-0.741728281,-0.877730022,32.752,43.738,39.196,43.314,10.796,3.546,-1.98,3.928,-7.348,11.278,-0.212,5.322,1.604,7.98,-4.566,12.546,1
44.425,6.3725,2.25,0.765,26.7975,-8.035,-0.042251881,-0.339969851,-0.53127681,-0.685344511,-0.894312082,22.6875,13.575,36.105,29.1725,21.4725,2.8575,-4.5175,2.3325,-5.9025,8.235,-3.19,2.6875,-1.5075,3.1575,-3.7725,6.93,1
64,1.5,7.5,3.43,19.59,-2.29,-0.035343445,-0.382031733,-0.546242127,-0.734803215,-0.90869834,74.69,24.13,35.855,30.42,19.355,3.165,-5.61,4.51,-5.61,10.125,7.64,6.185,11.995,11.995,-6.3,18.295,1
34.758,-11.876,-1.8,1.358,23.356,-2.328,0.013580957,-0.352783441,-0.560621569,-0.752193001,-0.880004568,57.032,14.958,34.524,31.984,24.944,3.232,-0.742,3.88,-4.412,8.294,-0.556,2.592,4.704,4.704,-2.084,6.79,1
11.745,16.5,1.5,-3.065,31.065,1.845,0.009751864,-0.322679365,-0.565288388,-0.750448198,-0.88608361,42.59,35.075,40.515,48.79,33.02,2.45,-4.715,1.375,-4.715,6.09,1.165,4.12,-7.57,4.225,-7.57,11.8,1
-29.96,-6,3,3.92,26.07,-5.67,0.012898281,-0.279645243,-0.515887441,-0.759662761,-0.894711486,54.6,79.63,59.39,63.46,31.84,6.07,-10.22,1.23,-10.22,11.45,2.57,3.39,6.27,6.27,-4.27,10.55,1
46.51,-7.5,-2,1.126666667,24.79,5.173333333,-0.042426225,-0.349069833,-0.455563865,-0.68047116,-0.880137733,56.42666667,10.24666667,35.00666667,32.53333333,24.69666667,4.323333333,-8.256666667,-1.616666667,-8.256666667,6.64,-4.52,2.846666667,4.973333333,4.973333333,-0.056666667,5.03,1
-4.37,-6,0,0.77,20.74,-2.41,-0.042577185,-0.278292903,-0.47739575,-0.758871291,-0.917226343,27.54,29.44,34.7,47.46,19.65,3.01,-7.01,1.98,-7.01,8.98,2.31,2.16,5.16,5.16,-0.4,5.57,1
20.46,3.823333333,1,3.653333333,14.77,4.523333333,-0.014966077,-0.361920473,-0.717383389,-0.814239323,-0.913673823,96.08666667,52.37333333,68.88666667,40.65666667,12.97333333,4.806666667,11.83,11.83,-1.76,13.59,14.77,6.38,-10.88,0.733333333,-10.88,11.61333333,1
-19.59666667,0.576666667,4,-0.76,29.18333333,5.933333333,-0.012019838,-0.236935756,-0.563832993,-0.759171641,-0.886927205,18.87,50.51666667,42.61333333,56.12,36.33666667,6.416666667,-6.426666667,7.24,-11.59333333,18.83666667,0.886666667,7.113333333,-6.076,0,0,0,1
13.025,1.665,0,-1.995,25.01,8.705,-0.045265583,-0.343521036,-0.493776439,-0.737878991,-0.92208663,36.845,28.13,37.87,35.26,18.93,2.225,2.825,4.245,-1.57,5.81,3.51,2.975,4.09,5.265,-1.05,6.315,1
14.55,-0.75,-0.75,-0.925,24.875,3.785,0.014992176,-0.235326225,-0.503086981,-0.723918344,-0.863117548,38.235,28.535,43.92,38.575,26.555,4.73,8.97,8.97,-6.555,15.52,4.305,4.745,8.045,8.045,-5.12,13.17,1
-26.095,-4.5,4.5,-1.035,13.465,-4.615,-0.005239287,-0.341361693,-0.699079867,-0.839484934,-0.913981858,48.385,61.365,55.875,50.245,27.025,4.105,1.145,6.92,-3.075,9.985,3.46,8.045,-11.5,0,-11.5,11.5,1
31.248,-23.85,-11.7,5.09,22.42,0.802,0.025421041,-0.352599561,-0.506225519,-0.645073335,-0.90917291,36.37,1.356,28.722,28.974,20.894,6.91,13.174,13.174,-2.718,15.892,4.194,8.51,-9.404,11.194,-13.206,24.4,1
34.38,-3.75,-4.5,0.04,25.405,-2.255,-0.027539995,-0.299892173,-0.483099707,-0.672303765,-0.875129283,38.3,29.97,41.395,43.52,26.325,4.21,-7.915,3.08,-7.915,10.995,0.92,4.865,9.395,9.395,-3.895,13.285,1
9.308571429,-26.19714286,4.285714286,7.404285714,26.12285714,-0.782857143,-0.012138429,-0.381712403,-0.597402715,-0.763879088,-0.905485007,44.58142857,52.83142857,56.11142857,59.40428571,27.33714286,8.282857143,5.365714286,12.22571429,-11.45571429,23.68142857,-8.358571429,10.86142857,-4.651428571,12.79571429,-16.92428571,29.72,1
27.16,-33.61,0,7.64,27.99,-1.84,-0.019305825,-0.37745497,-0.603009622,-0.73748252,-0.889361969,70.22,44.96,61.2,63.43,29.17,7.12,14.09,14.09,-11.68,25.76,-20.46,10.02,-20.8,9.49,-20.8,30.29,1
-21.81,4.5,4.5,-0.715,37.36,1.89,0.024492044,-0.175299267,-0.507086751,-0.727471667,-0.830686067,25.47,49.045,45.85,67.63,41.01,6.73,15.115,15.115,-4.12,19.235,6.085,4.83,8.545,8.545,-0.645,9.19,1
30.546,-7.2,5.4,1.58,23.376,1.354,-0.000211976,-0.296872179,-0.525036703,-0.65170405,-0.908312594,53.472,40.92,47.906,48.68,23.198,3.494,6.188,6.188,-1.444,7.632,5.098,3.42,-4.244,3.042,-6.148,9.184,1
-4.8025,2.625,-9,1.7225,25.1,4.78,-0.039052073,-0.316657659,-0.535323899,-0.715103517,-0.845065684,51.9975,60.065,50.9975,54.65,21.3225,5.06,12.7825,12.7825,-3.9575,16.7425,6.055,6.9325,13.9125,13.9125,-2.375,16.29,1
27.13857143,-4.91,-0.428571429,1.058571429,32.20857143,-2.377142857,0.010231755,-0.270691931,-0.506403005,-0.657580636,-0.83135007,30.01571429,27.22857143,39.72857143,55.15428571,34.39142857,4.29,-2.607142857,2.995714286,-6.214285714,9.21,-0.135714286,3.69,2.618571429,4.702857143,-2.262857143,6.967142857,1
29.56,-9.78,0,2.316666667,20.17666667,-3.353333333,-0.03323635,-0.356301845,-0.606289464,-0.782375882,-0.935625851,35.2,18.67666667,30.28666667,21.11666667,12.35,3.166666667,-5.946666667,1.61,-5.946666667,7.56,-4.25,2.916666667,-5.37,0.956666667,-5.37,6.326666667,1
4.19,4.5,3,-1.76,21.09,-0.49,0.000539646,-0.348707248,-0.68804864,-0.789837866,-0.900345373,56.37,38.135,44.93,40.635,22.85,3.53,7.37,7.37,-2.925,10.295,3.895,2.165,4.365,4.365,-1.22,5.585,1
9.04,6,-6,1.76,23.73,5.58,0.012191295,-0.318011733,-0.517659271,-0.76281293,-0.900248654,63.66,37.9,49.67,39.2,20.9,6.58,11.93,11.93,0.67,11.27,1.54,1.96,-3.41,2.52,-3.41,5.93,1
16.132,0.324,-3.6,-0.068,29.688,1.872,0.008325016,-0.282274811,-0.507012407,-0.696075417,-0.878194607,30.024,28.64,36.104,46.444,34.626,2.88,3.564,5.008,-3.628,8.632,-1.292,4.024,5.67,6.312,-3.658,9.968,1
7.69,-1.5,3,0.93,26.13,2.37,-0.006333078,-0.241654488,-0.506831837,-0.708400028,-0.90509662,54.25,54.2,54.73,58.46,30.24,4.69,-7.71,7.43,-7.71,15.14,5.6,3.5,6.06,6.06,-0.3,6.36,1
55.27666667,8.086666667,13.5,1.37,23.89666667,4.43,0.004199457,-0.259448777,-0.459265272,-0.554292974,-0.871962452,45.58333333,8.95,35.62,30.09,21.33333333,6.853333333,-3.19,12.38333333,-11.14,23.52333333,11.27333333,18.60333333,32.32666667,32.32666667,-14.16,46.48666667,1
12.112,-13.2,-3,0.372,23.954,-0.816,0.025360723,-0.145432239,-0.634212072,-0.675800092,-0.760459922,28.784,26.03,41.156,46.83,17.7,4.964,0.14,4.018,-5.822,9.84,-0.354,4.758,-7.012,3.04,-7.816,10.86,1
-12.25,-6,-1.5,2.105,24.84,-3.345,-0.005298513,-0.296130914,-0.641028979,-0.78872341,-0.88831463,53.73,52.59,57.055,53.07,30.95,2.625,-4.975,3.14,-4.975,8.115,-0.01,2.58,5.075,5.075,0,5.075,1
45.0775,-2.57,5.25,1.935,22.2675,-3.385,-0.036658884,-0.356373919,-0.52357326,-0.718915065,-0.864225293,61.97,26.75,39.185,37.5625,27.76,4.295,-4.4925,1.24,-6.415,7.6575,-4.63,4.4475,3.91,6.2075,-5.47,11.6825,1
27.87111111,-8.166666667,-1.666666667,0.737777778,31.95666667,-0.947777778,0.01651837,-0.302219211,-0.518447709,-0.707665459,-0.892368422,54.99,22.52777778,43.90444444,48.44777778,34.47222222,3.304444444,-7.517777778,0.12,-7.517777778,7.633333333,0.768888889,6.285555556,-9.53,0.284444444,-9.53,9.816666667,1
-13.06833333,0.945,2.5,-0.223333333,19.89166667,12.09666667,0.013132082,-0.244885709,-0.558111312,-0.718789012,-0.822397181,40.31333333,51.19333333,57.315,48.66666667,21.95,5.051666667,11.03833333,11.03833333,-3.131666667,14.17,4.663333333,8.87,-3.6983333,0,0,0,1
16.96,-7.463333333,-5,1.09,27.52,2.083333333,0.0262785,-0.20519679,-0.516884792,-0.661643421,-0.843992803,20.80666667,27.03333333,32.36666667,43.81,28.94333333,9.556666667,19.63333333,19.63333333,-0.97,20.60333333,5.373333333,6.823333333,4.943333333,10.69,-4.956666667,15.65333333,1
11.8,16.5,-12,5.2,31.31,-6.27,-0.021818039,-0.28890949,-0.486956181,-0.678487492,-0.87195122,35.8,32.625,42.1,53.825,33.465,5.28,-1.98,2.96,-4.415,7.375,-3.03,1.705,3.37,3.37,-1.715,5.09,1
8.71,-0.75,-1.5,1.125,24.89,4.91,0.009109515,-0.309179315,-0.558957493,-0.737149077,-0.875223301,64.055,42.195,57.14,47.39,27.92,4.8,-7.26,3.235,-7.26,10.495,-1.07,1.945,4.22,4.22,-0.835,5.055,1
11.8175,-4.875,-0.75,2.345,22.165,5.3575,-0.004087471,-0.344861636,-0.638130177,-0.760736343,-0.886245033,63.905,35.7975,53.085,39.4525,22.4225,6.7675,-10.23,0.4775,-10.23,10.705,-1.79,3.2575,6.9775,6.9775,-2.4325,9.41,1
31.085,3.75,1.5,-3.65,24.71,6.62,0.006609705,-0.38730639,-0.579223453,-0.741031015,-0.877677055,60.48,20.985,44.965,38.725,26.51,4.195,9.16,9.16,-5.735,14.9,5.815,5.675,8.875,8.875,-0.59,9.47,1
33.73,19.5,-3,-4.5,26.69,-0.1,-0.026786262,-0.361093517,-0.587009378,-0.75779989,-0.863054982,55.71,35.345,39.97,45.195,29.12,4.18,10.07,10.07,-4.97,15.04,4.6,7.255,11.155,11.155,-0.44,11.595,1
10.17,-3.75,-4.5,1.73,12.22,-2.83,0.020706302,-0.374938711,-0.607221433,-0.73548233,-0.873260331,49.55,30.05,48.97,34.015,18.37,3.425,7.095,7.095,-0.265,7.36,1.095,2.47,-4.79,3.08,-4.79,7.87,1
15.03,4.8,0,-1.1,12.87,0,-0.034194062,-0.363947054,-0.653954649,-0.848703483,-0.977089436,74.27,42.27,44.46,27.4,9.18,2.55,-5.49,2.24,-5.49,7.74,-0.19,6.19,-12.08,0,-12.08,12.08,1
20.21,1.5,-12,3.9,19.69,4.69,-0.034289482,-0.367714401,-0.601787742,-0.772777228,-0.890940396,64.66,47.38,45.03,38.37,18.92,1.92,-3.81,3.23,-3.81,7.04,2.81,6.79,12.05,12.05,-3.39,15.44,1
20.81,1.5,0,-1.96,21.79,0.62,-0.042880392,-0.324362573,-0.70894167,-0.782060051,-0.888789301,75.11,47.98,63.24,39.21,24.84,2.91,5,5,-2.26,7.26,-7.57,2.84,5.21,5.21,-0.42,5.63,1
22.0675,7.125,-0.75,0.935,9.9625,-4.2975,0.00467481,-0.347122441,-0.614737517,-0.763168667,-0.862383797,59.845,28.265,41.375,29.6975,16.56,2.555,-1.3925,3.2875,-4.4,7.6875,-0.24,2.92,-3.165,3.5275,-5.1275,8.6575,1
9.495,6.75,-2.25,-0.3475,24.4925,5.8925,0.000723566,-0.285210935,-0.564601881,-0.690817001,-0.830698084,29.2775,27.3475,33.6175,35.2675,22.38,3.4575,6.03,7.5575,-2.725,10.28,3.74,4.0475,1.4675,5.2625,-2.955,8.2175,1
-7.01,-22.5,3,3.25,24.48,-1.77,-0.024299256,-0.296096219,-0.665559066,-0.769768627,-0.910406686,62.77,63.72,53.22,50.14,27.57,4.83,-8.19,2.9,-8.19,11.09,-8.43,3.95,-7.39,1.33,-7.39,8.71,1
20.07,4.5,6,-0.34,23.65,-1.75,-0.005783675,-0.332914606,-0.486011881,-0.721519981,-0.864175237,38.89,18.1,40.02,39.23,29.29,5.61,13.49,13.49,-2.5,15.99,10.14,6.74,11.74,11.74,-6.45,18.19,1
-11.8,-7.5,3,2.91,23.65,-0.63,-0.014987344,-0.280896132,-0.571517385,-0.734024601,-0.840423642,49.48,61.29,52.73,57.14,27.59,2.63,-3.76,2.36,-3.76,6.13,-3.02,1.56,3.8,3.8,-0.64,4.44,1
89.3,-33.145,1.5,3.375,26.9,5.595,-0.035681444,-0.365109774,-0.444653052,-0.595549638,-0.885972643,74.12,5.625,42.96,27.47,22.39,4.575,-2.915,5.58,-6.41,12,-2.43,5.375,-11.185,0.57,-11.185,11.755,1
16.2675,-0.75,6.75,1.545,30.55,-2.7425,0.013912222,-0.256688836,-0.530344473,-0.715236799,-0.841085487,35.425,29.9525,47.0475,61.2125,30.545,5.605,1.8825,8.045,-5.8375,13.8825,4.6525,7.4325,11.705,11.705,-2.755,14.465,1
13.678,-26.4,0,4.998,24.988,-4.63,-0.039226528,-0.325803883,-0.501265617,-0.736782035,-0.899668758,37.436,30.642,39.248,49.412,23.642,7.98,-12.578,0.868,-12.578,13.444,-9.912,7.916,-7.938,3.872,-11.484,15.358,1
32.06,16.5,-9,2.84,32.54,2.29,0.004030146,-0.332339079,-0.512306747,-0.704205469,-0.879505453,56.77,24.89,43.3,46.6,31.3,3.84,9.44,9.44,-2.49,11.93,3.83,5.19,7.94,7.94,-1.99,9.93,1
-12.92333333,1.09,6,-1.976666667,32.31333333,-0.62,0.001468572,-0.242703587,-0.502499226,-0.71016057,-0.873269341,46.08666667,54.66666667,65.49,64.54333333,31.41333333,4.13,-2.556666667,5.95,-6.91,12.86,9.383333333,4.736666667,-3.453333333,5.666666667,-7.,0,1
71.95,-3,-6,-2.47,25.21,5.56,-0.012202563,-0.381696156,-0.540309132,-0.700020338,-0.893837706,89.87,15.34,50.35,39.16,32.46,3.31,-5.68,2.71,-5.68,8.39,5.98,4.18,8.25,8.25,-2.04,10.3,1
27.55,14.176,-0.3,-7.14,7.428,5.53,0.01674697,-0.391165165,-0.639025229,-0.755345235,-0.942447899,90.234,33.5,59.276,28.806,6.202,4.748,10.514,10.514,-2.438,12.952,15.26,5.174,-9.782,0.874,-9.782,10.658,1
0.465,-2.25,3,0.8,14.665,0.045,-0.003466329,-0.268083731,-0.498010902,-0.710292124,-0.859703476,81.365,71.58,65.08,45.74,20.08,3.6,6.175,6.175,-6.025,12.2,-0.48,6.78,10.665,10.665,-0.025,10.69,1
-19.06666667,2.5,2,-2.196666667,27.74333333,3.273333333,0.004690971,-0.272445337,-0.535253249,-0.728164986,-0.899949613,36.19666667,61.99666667,49.69333333,58.74333333,30.2,5.306666667,10.82666667,10.82666667,-5.176666667,16.00333333,4.79,2.75,4.97,4.97,0,0,1
14.52,-15,-12,8.96,19.22,5.36,0.00477652,-0.3173845,-0.538100368,-0.711335596,-0.893351491,75.41,58.98,62.83,49.16,21.52,1.27,-2.84,1.76,-2.84,4.6,5.57,4.31,-9.52,1.14,-9.52,10.66,1
73.94545455,27.40909091,-8.727272727,0.487272727,20.98454545,-3.354545455,-0.013414069,-0.360526519,-0.511192877,-0.593210878,-0.788583073,71.63818182,5.349090909,34.42545455,23.45454545,16.22545455,5.04,-8.802727273,3.997272727,-8.802727273,12.80272727,-1.437272727,9.530909091,15.57909091,16.60454545,-3.806363636,20.41,1
16.5575,-8.62,0,3.4575,7.6475,-3.8175,0.006669072,-0.338499264,-0.706287843,-0.848083617,-0.916597603,64.89,26.0825,36.42,20.085,6.2725,2.5275,3.06,4.345,-1.1575,5.5025,4.4125,6.2475,-10.08,0.9675,-10.08,11.0475,1
15.345,-2.25,3,-2.23,31.81,-1.85,-0.004717803,-0.27706472,-0.575081717,-0.738123774,-0.895271301,61.655,51.42,52.565,58.77,39.27,1.915,-1.825,1.675,-3.805,5.48,-1.14,2.88,-5.865,0.615,-5.865,6.485,1
3.68,3.75,-0.75,-5.075,18.1925,2.535,0.01577152,-0.362850332,-0.624947319,-0.787989938,-0.884350964,43.3375,28,43.395,35.845,20.54,3.9875,-3.6125,3.805,-7.04,10.8425,-2.5875,3.055,-2.3275,3.0225,-4.1,7.125,1
10.74333333,-23.5,11,-1.043333333,28.81333333,6.12,0.017535613,-0.212491569,-0.507483633,-0.668662756,-0.886093455,28.49,39.44333333,37.83666667,43.91,28.40333333,9.436666667,25.18,25.18,-5.93,31.11,9.156666667,14.71,23.58,23.58,-8.773333333,32.35,1
39.15,5.25,7.5,4.5,19.35,3.615,-0.023705783,-0.37414588,-0.545369477,-0.736009981,-0.915489663,85.74,43.985,52.255,37.29,18.005,2.905,-0.215,2.76,-4.67,7.435,1.195,4.16,7.615,7.615,-5.075,12.69,1
24.37166667,2.38,-5.031666667,0.113333333,23.215,0.455,0.016461558,-0.353690036,-0.574389706,-0.725447949,-0.839475183,60.45666667,31.325,51.225,41.43333333,23.23833333,2.261666667,4.856666667,5.28,-1.608333333,6.89,-0.408333333,2.735,-2.345,1.875,-4.416666667,6.288333333,1
22.57,-6.78,0,5.87,17.37,1.09,-0.030371822,-0.40484611,-0.710714968,-0.819632957,-0.921621105,66.82,46.25,60.7,48.15,28.98,1.86,-3.05,1.08,-3.05,4.12,4.43,1.53,2.94,2.94,-2.79,5.73,1
3.836666667,-8.223333333,0,0.813333333,20.50666667,2.803333333,-0.003842268,-0.314930752,-0.518873253,-0.763227187,-0.920959056,69.09333333,46.78333333,58.37,41.74,15.16333333,3.36,-6.886666667,2.393333333,-6.886666667,9.283333333,1.92,5.466666667,-2.223333333,6.303333333,-5.843333333,12.14333333,1
23.18,-6,-3,-0.015,24.22,-0.415,-0.046595692,-0.367615746,-0.600061897,-0.766724437,-0.903255756,31.915,27.94,39.895,38.445,21.175,2.61,-6.54,1.465,-6.54,8,-2.67,1.755,3.3,3.3,-0.895,4.195,1
11.475,5.25,9,-4.835,26.995,8.055,-0.028630632,-0.272648018,-0.503436687,-0.705847421,-0.868647815,28.97,25.31,37.335,39.94,27.54,3.115,0.11,3.03,-2.5,5.535,-2.155,4.25,-6.995,1.2,-6.995,8.19,1
7.812,-0.6,-6.6,-2.014,19.258,-1.841,0.00923972,-0.263263887,-0.474080845,-0.715434469,-0.903375365,39.452,28.465,39.536,40.463,18.694,4.125,-0.685,5.365,-7.203,12.567,-3.145,4.493,7.852,8.98,-4.196,13.175,1
-3.9025,6,12.75,2.58,23.3,-3.2825,0.011820475,-0.205799832,-0.505895044,-0.706397439,-0.836584724,37.1075,45.1475,43.01,44.0475,25.6925,4.945,-12.245,1.1975,-12.245,13.4425,0.8275,10.8175,-18.5375,0.2175,-18.5375,18.755,1
23.67666667,-1,0,1.493333333,18.27,2.07,-0.004997834,-0.329239334,-0.504139458,-0.720466251,-0.878046433,50.69666667,16.36333333,36.84666667,24.53666667,16.37666667,3.41,-5.956666667,1.063333333,-5.956666667,7.023333333,0.516666667,2.97,2.21,5.443333333,-3.453333333,8.9,1
18.6,-2.25,0,0.37,20.6,-6.79,-0.008646005,-0.336703058,-0.494684498,-0.719542018,-0.88605691,95.855,69.115,72.265,56.4,22.38,1.77,3.4,3.4,-2.28,5.675,1.915,2.545,5.075,5.075,-0.22,5.295,1
30.47333333,-3.5,-2,-0.023333333,27.00666667,1.04,-0.001942458,-0.313215567,-0.572057558,-0.730729678,-0.872414818,65.97,33.10666667,47.86666667,40.46333333,27.37333333,3.656666667,-2.66,2.076666667,-5.39,7.473333333,-2.076666667,2.14,2.133333333,3.856666667,-2.266666667,6.123333333,1
8.966666667,0.5,3,1.876666667,33.00666667,3.003333333,0.009223309,-0.285741402,-0.522484513,-0.720082483,-0.832867422,35,41.18,45.62333333,61.47666667,34.56666667,3.25,10.14333333,10.14333333,-1.553333333,11.7,4.193333333,3.786666667,-1.463333333,4.933333333,-5.78,10.71666667,1
6.44,-12.03,6.75,1.83,12.205,0.595,-0.041846002,-0.297635988,-0.635238246,-0.750909123,-0.882613355,41.52,32.54,35.385,26.73,12.4025,1.8825,-3.9875,1.105,-3.9875,5.0925,-1.8875,2.4025,1.29,3.3675,-3.27,6.6425,1
8.4275,10.4425,-3.75,-4.95,25.295,0.875,-0.028867797,-0.262286653,-0.524709722,-0.721899545,-0.88048879,53.1,49.79,50.08,49.76,29.34,4.0275,7.325,7.325,-5.8475,13.1725,0.15,5.705,-5.0075,6.3625,-9.395,15.7575,1
-24.18,6,-1.5,-3.375,21.165,-8.01,-0.007960555,-0.217264542,-0.505173646,-0.753208518,-0.917436044,24.935,36.5,40.77,56.315,19.71,3.64,-6.72,0.84,-6.72,7.555,10.36,2.5,5.34,5.34,-0.175,5.515,1
47.01833333,-25.45666667,6.975,4.383333333,25.87833333,-0.795,-0.018356462,-0.309359835,-0.49646038,-0.696927891,-0.848684016,46.03166667,21.44666667,45.39833333,42.29833333,11.51333333,7.716666667,13.40333333,13.40333333,-4.828333333,18.23333333,-5.835,12.16333333,-20.48833333,2.665,-20.48833333,23.15333333,1
32.985,-11.625,-0.75,2.665,25.565,0.085,-0.017388666,-0.319041402,-0.50583685,-0.699847781,-0.877564287,46.9125,22.815,40.115,36.2025,24.7375,4.3325,8.885,8.885,-3.18,12.065,3.16,5.86,4.39,9.5125,-6.8825,16.395,1
20.61625,-15,11.25,4.64,29.80125,-0.65875,0.005925429,-0.306297472,-0.584181727,-0.713167299,-0.875959277,44.94625,28.43375,41.57375,46.7025,27.77875,7.59875,-12.735,2.365,-12.735,15.1,4.9825,7.50625,13.69375,13.69375,-3.2825,16.9775,1
26.23714286,-8.341428571,5.571428571,-0.367142857,19.72571429,-0.484285714,0.007296965,-0.363168984,-0.574315945,-0.757517998,-0.906841694,92.84285714,45.34714286,60.85571429,37.97571429,19.05857143,4.63,-5.654285714,3.584285714,-8.355714286,11.94285714,-2.235714286,5.872857143,-8.86,1.485714286,-9.318571429,10.80571429,1
16.02333333,1.5,10,1.006666667,20.54,-2.17,0.004590336,-0.306204655,-0.544632542,-0.697276606,-0.793565828,38.78,34.77,43.15666667,45.92666667,10.22666667,2.673333333,6.236666667,6.236666667,-2.453333333,8.69,6.076666667,4.513333333,8.23,8.23,-1.106666667,9.336666667,1
11.5375,-7.125,-0.75,2.59,10.4675,0.5625,0.000861817,-0.456724121,-0.715965527,-0.837204207,-0.931522057,42.835,24.0275,26.385,32.3775,8.8775,5.3075,-9.0725,6.11,-9.0725,15.1825,2.315,5.41,0.32,8.94,-8.9575,17.9,1
-21.8,-1.5,-0.75,1.2,28.005,5.1175,-0.005869306,-0.237324689,-0.496242962,-0.73405221,-0.900324177,38.67,53.7825,57.12,56.2675,25.51,4.0925,-3.445,2.34,-5.7,8.0375,-1.0775,1.5825,-1.42,1.595,-2.2875,3.8825,1
1.8325,-17.25,7.5,0.88,24.5275,-1.25,0.007167554,-0.254752089,-0.516780679,-0.718057077,-0.84615561,49.135,44.9425,49.1775,42.225,18.2775,3.02,7.0475,7.0475,-1.7225,8.7675,1.82,3.2225,3.79,6.1625,-4.12,10.2825,1
27.325,-12.685,3,0.045,16.655,-7.39,-0.040031497,-0.359251298,-0.632597685,-0.768526007,-0.897814336,76.25,47.2,53.415,37.22,17.17,3.4,-5.15,2.26,-5.15,7.41,-0.255,2.26,3.98,3.98,-0.385,4.365,1
22.495,-5.4575,-9,3.98,25.015,1.0675,-0.007754737,-0.322960354,-0.513629117,-0.747260011,-0.895955427,59.9425,37.6175,42.355,39.2525,25.215,3.2925,-3.6725,1.69,-5.4675,7.16,-2.2725,3.1375,5.42,5.42,-0.705,6.12,1
26.66,15.21428571,-8.571428571,-5.307142857,19.46571429,5.302857143,0.0086882,-0.350054927,-0.575043956,-0.734255951,-0.895732769,63.19714286,25.81714286,43.39428571,31.77857143,20.83857143,5.867142857,12.50714286,12.50714286,-2.487142857,14.99428571,7.845714286,2.482857143,-2.884285714,2.965714286,-5.001428571,7.968571429,1
29.82333333,11.97666667,-9,0.13,15.53,2.87,0.000760616,-0.325209751,-0.577850562,-0.724664902,-0.870881616,51.37333333,22.93666667,40.38666667,27.18666667,14.73333333,4.426666667,-9.45,0.813333333,-9.45,10.26333333,-0.56,5.703333333,11.63,11.63,-4.956666667,16.58666667,1
38.99,4.5,6,0.41,22.6,8.56,0.029246777,-0.36853653,-0.497919023,-0.742976702,-0.846120787,63.64,19.16,50.26,35.95,24.02,8.18,14.34,14.34,-7.55,21.89,10.6,13.08,23.83,23.83,-12.24,36.07,1
24.75,-32.45125,13.125,7.14875,23.8675,-6.9075,-0.004869399,-0.345348978,-0.653639567,-0.81089129,-0.915398058,54.68,21.87625,38.0125,29.74125,21.36625,3.19125,6.3375,6.3375,-3.54625,9.885,-0.36625,6.61375,9.77,10.92,-3.59625,14.515,1
30.62,-15,3,4.65,30.15,-5.47,0.024293093,-0.325002189,-0.516239167,-0.705418892,-0.861507485,63.12,37.78,52.69,49.65,25.59,10.31,-13.52,0.44,-13.52,13.97,-7.31,6.39,12.4,12.4,-1.34,13.74,1
18.41166667,-8.656666667,2.5,2.38,23.415,-5.351666667,-0.037321962,-0.319350709,-0.487493038,-0.735816642,-0.873035163,41.76166667,31.87666667,32.20833333,39.05666667,25.67333333,5.591666667,-8.586666667,0.026666667,-8.586666667,8.613333333,-2.213333333,4.275,7.008333333,7.008333333,-1.08,8.088333333,1
-19.605,11.25,3,2.665,16.36,-0.955,-0.004667318,-0.261141865,-0.523119505,-0.743840226,-0.890318029,39.52,50.46,49.115,44.035,22.15,4.585,-6.68,2.295,-6.68,8.975,0.5,10.155,17.71,17.71,-0.785,18.495,1
41.305,14.25,-1.5,-2.385,32.435,-0.785,-0.037077801,-0.282235478,-0.622107135,-0.691358995,-0.803299954,45.565,24.41,30.17,38.135,34.755,3.02,-2.015,1.175,-3.865,5.045,6.135,6.555,10.835,10.835,-0.43,11.265,1
28.495,-2.625,4.5,2.49,23.575,7.7025,-0.020050631,-0.319938579,-0.581408998,-0.73402975,-0.816870513,67.22,39.885,53.87,47.0925,22.0775,2.8175,7.3075,7.3075,-0.535,7.845,3.37,4.515,7.6625,7.6625,-1.97,9.635,1
-18.76666667,-6.72,-1,1.006666667,29.50333333,-3.67,-0.017415502,-0.191949116,-0.482456722,-0.713354093,-0.888796343,21.07666667,50.63,45.06666667,58.47333333,31.62666667,5.276666667,-3.983333333,4.426666667,-7.4,11.82333333,-3.91,8.47,13.90666667,13.9066,0,0,1
2.976,24.3,-3.6,-3.868,26.29,0.86,0.035678463,-0.289404684,-0.548124131,-0.748768191,-0.888349728,61.644,43.094,54.22,48.662,31.166,6.242,15.34,15.34,-7.53,22.87,4.778,16.02,23.704,23.704,-1.802,25.506,1
19.75,0.67,-1,2,28.55333333,-1.946666667,-0.044601266,-0.320689602,-0.630592569,-0.754491852,-0.86970921,53.47,43.75,48.79333333,46.16333333,28.27333333,7.706666667,-10.75333333,1.576666667,-10.75333333,12.33,-0.713333333,4.88,9.506666667,9.506666667,-3.376666667,12.88333333,1
35.42,24,6,-4.39,19.16,-1.56,-0.002589584,-0.333126757,-0.557402448,-0.714725216,-0.825457604,76.18,40.57,59.51,45.65,20.67,4.6,10.56,10.56,-3.02,13.58,13.59,1.6,3.82,3.82,-2.29,6.11,1
12.4125,4.875,4.5,1.4025,25.36,-2.0925,-0.012278248,-0.382402457,-0.687850621,-0.779896356,-0.917040937,58.965,38.2575,41.5175,40.385,22.2325,4.995,-8.9575,4.55,-8.9575,13.5075,7.875,5.5925,1.2375,9.38,-6.39,15.7725,1
73.145,-30.75,3,0.565,16.365,6.47,-0.008245097,-0.353109899,-0.552528464,-0.627881652,-0.81544789,59.945,24.435,55.47,50.995,17.31,4.76,11.63,11.63,-6.96,18.59,1.18,6.81,-18.53,1.91,-18.53,20.435,1
23.615,10.695,0,-0.07,24.065,0.3,-0.004576319,-0.339661847,-0.517742514,-0.732099788,-0.878257535,42.615,15.705,31.17,30.58,22.84,3.245,0.57,2.66,-2.235,4.895,0.595,2.465,4.745,4.745,-1.115,5.855,1
12.738,0.9,-3,1.118,19.65,-5.58,0.007419761,-0.322297695,-0.612558164,-0.747893439,-0.85893702,52.73,32.954,52.16,37.718,22.33,2.87,4.522,7.19,-2.516,9.702,3.012,2.224,2.642,3.994,-2.148,6.144,1
38.855,-10.07,3,5.33,26.565,-6.56,-0.016721192,-0.370399744,-0.532115044,-0.735963782,-0.866803256,53.64,25.49,35.065,38.935,24.225,6.225,-11.435,3.255,-11.435,14.69,-2.13,7.67,13.825,13.825,-6.04,19.87,1
-27.31666667,-7.476666667,5,-1.036666667,24.49,-3.576666667,0.022628087,-0.208138978,-0.52370271,-0.728763292,-0.889787797,19.31666667,47.00666667,42.89,52.79333333,31.06333333,6.393333333,-10.84,5.66,-10.84,16.5,-4.88,5.186666667,9.39,9.39,-0.76,10.15,1
-4.25,-8.25,-13.5,7.185,17.395,2.035,0.006297328,-0.309961227,-0.595565849,-0.778890942,-0.892828333,40.015,34.98,46.005,47.22,29,3.42,-5.96,3.145,-5.96,9.105,0.9,3.275,6.905,6.905,-2.005,8.91,1
1.935,15.005,-9,2.035,25.27,5.6,-0.001393663,-0.20859824,-0.506696221,-0.644416719,-0.88031749,17.44,33.195,32.285,49.91,26.71,7.71,-12.11,-0.635,-12.11,11.475,2.225,10.41,16.84,16.84,-0.11,16.95,1
-3.966,-6.6,7.2,3.074,24.32,0.424,0.009420068,-0.280910455,-0.564415304,-0.758224322,-0.880051432,56.368,55.03,58.602,51.104,30.148,6.424,-2.136,6.604,-8.926,15.53,5.426,6.384,1.89,10.098,-9.098,19.194,1
-26.6325,4.125,-3,-1.3375,26.8575,-4.64,-0.024691205,-0.26734786,-0.540769559,-0.748362476,-0.87877682,49.865,76.2175,65.4475,62.0725,29.9775,2.69,-4.505,0.8575,-4.505,5.36,3.215,3.7325,3.8425,6.75,-3.5775,10.3275,1
29.99,3.5,5,-0.856666667,23.62,4.026666667,-0.000352358,-0.347095727,-0.566752714,-0.68156784,-0.823047285,43.25333333,15.50333333,34.12666667,35.96666667,17.03333333,4.193333333,4.49,8.036666667,-6.15,14.19333333,4.463333333,4.423333333,7.61,7.61,-1.98,9.59,1
23.32,3.895,-4.5,-0.7,22.245,-2.075,0.002472317,-0.439192516,-0.705783756,-0.772609657,-0.887258137,33.03,8.96,26.29,31.27,22.57,2.945,5.415,5.415,-4.29,9.71,1.13,8.245,-13.665,0.965,-13.665,14.63,1
-7.485,-17.25,6,1.455,23.065,-0.685,0.035967908,-0.226500244,-0.602943568,-0.712758172,-0.836369057,41.73,36.195,44.42,33.1,19.875,5.51,-2.5,10.285,-9.015,19.305,0.275,3.3,-1.495,4.23,-4.675,8.895,1
0.376666667,-24,-8,1.13,18.38333333,-4.843333333,0.017113822,-0.304702418,-0.666740024,-0.735078805,-0.904903071,48.48,38.17666667,41.85333333,28.82,16.13,7.323333333,-11.76666667,0.923333333,-11.76666667,12.68666667,0.84,13.55,22.73666667,22.73666667,-1.136666667,23.87333333,1
14.875,-19.5,1.5,2.28,22.675,5.885,-0.035393084,-0.287496115,-0.491241966,-0.710819455,-0.890010728,69.115,53.06,62.71,47.965,18.47,5.74,0.255,11.235,-10.685,21.92,1.825,12.365,25.91,25.91,-8.34,34.245,1
-16.18666667,-24.32,0,-1.79,25.94,-1.833333333,-0.016561473,-0.245582728,-0.513300164,-0.769220626,-0.89431073,43.73333333,52.12,54.24333333,53.72666667,25.67,1.85,1.506666667,3.453333333,-3.196666667,6.653333333,-0.52,1.836666667,3.843333333,3.843333333,0,0,1
124.17,24.95,-0.78,2.9,24.7,-0.72,0,0,0,0,0,0,-10.75,0,34.78,27.75,10.03,19.62,19.62,-10.71,30.33,-31.87,8.97,-21.12,3.31,-21.12,24.43,1
18.47,-13.5,0,-0.26,24.84,-3.05,-0.018386933,-0.326327689,-0.682231348,-0.765422415,-0.894061736,45.41,24.6,43.65,40.74,27.92,6.16,-9.28,0.11,-9.28,9.39,-3.04,4.37,7.55,7.55,0,7.55,1
1.203,-1.282,10.2,-1.23,27.222,2.852,0.016518611,-0.30329727,-0.558736176,-0.756474517,-0.884692309,40.156,39.683,45.931,52.422,35.741,4.014,9.963,9.963,-3.029,12.992,4.344,2.999,0.106,4.132,-3.558,7.691,1
19.71,2.52,6,-7.87,25.63,2.19,-0.046113213,-0.340590573,-0.581768863,-0.755942608,-0.887524687,63.79,41.29,51.25,35.51,16.65,4.96,-9.76,-0.48,-9.76,9.28,-1.07,2.61,5.58,5.58,-0.9,6.48,1
8.806,-5.1,-2.4,-1.388,16.976,2.124,0.004002792,-0.243800577,-0.591175749,-0.747318582,-0.895535057,46.634,38.366,37.082,31.688,20.484,4.78,-7.434,2.614,-7.434,10.052,1.29,4.532,2.218,6.894,-3.82,10.708,1
0.885,1.938333333,0.5,-2.21,25.38666667,-0.833333333,0.002412133,-0.219238661,-0.490721251,-0.688557916,-0.895314924,30.00166667,36.74333333,38.92166667,41.25166667,25.92166667,2.276666667,-6.86,1.801666667,-6.86,8.66,4.366666667,6.945,-8.346666667,6.565,-10.48166667,17.04333333,1
27.5375,-4.92,3.75,2.38,19.71,-0.0525,0.020115071,-0.340799539,-0.521423146,-0.670940871,-0.839769461,40.4525,20.7925,35.5025,32.9325,21.805,6.81,13.6475,13.6475,-0.3525,13.9975,7.6975,8.7375,-9.09,13.36,-14.1,27.46,1
18.424,12.188,1.2,-3.518,33.328,-1.828,0.002117636,-0.316025963,-0.553846222,-0.735851659,-0.882604692,45.324,37.338,46.792,55.018,37.506,5.594,-6.886,1.474,-8.768,10.24,1.196,5.408,9.406,9.406,-1.546,10.952,1
-8.66,4.5,0,2.33,25.07,3.06,0.018471254,-0.208656756,-0.48806736,-0.661360347,-0.876437311,26.18,37.04,45.14,43.25,19.54,3.67,8.15,8.15,-2.84,11,7.34,2.51,3.84,3.84,-2.53,6.37,1
-36.195,7.5,0,-1.83,21.735,1.205,0.036991397,-0.216745396,-0.540733895,-0.765934141,-0.883993975,56.07,83.335,69.845,56.955,26.905,5.215,14.03,14.03,-2.59,16.625,2.215,8.925,15.34,15.34,-1.3,16.64,1
-6.02,4.5,-3,1.7,13.17,-0.69,0.002007216,-0.324533767,-0.690456832,-0.82288226,-0.895904263,43.91,32.37,42.98,26.86,15.35,1.63,-3.59,1.89,-3.59,5.47,4.62,1.66,-3.15,0,-3.15,3.15,1
7.984545455,1.631818182,-10.09090909,-1.383636364,19.74,-2.596363636,-0.043638847,-0.267984399,-0.500824519,-0.666047341,-0.909271458,23.64545455,21.15818182,29.56454545,31.21090909,15.61545455,7.898181818,-12.58727273,0.714545455,-12.58727273,13.30363636,-10.00454545,6.036363636,8.001818182,10.08,-2.84,12.92090909,1
15.12,-6,0,0.935,21,-3.19,0.004883243,-0.305992069,-0.680582073,-0.71743281,-0.876964312,29.645,13.265,24.56,25.445,21.325,4.475,8.36,8.36,0.91,7.45,2.35,3.375,-3.125,4.055,-5.46,9.51,1
22.078,-4.185,6.9,-0.949,26.804,2.294,-0.004389919,-0.334682568,-0.54677674,-0.757882904,-0.925704392,94.212,60.533,63.748,49.445,21.389,2.662,0.469,4.295,-3.775,8.069,9.456,2.873,-2.781,2.938,-5.021,7.96,1
21.26333333,4.29,-2,-1.693333333,26.42666667,-4.54,0.019224968,-0.326875961,-0.498605767,-0.724324404,-0.895009454,28.75333333,15.83333333,26.00333333,38.40666667,26.04,3.793333333,-6.563333333,2.203333333,-6.563333333,8.77,1.426666667,4.173333333,4.07,7.893333333,-5.09,12.98666667,1
-8.97,-1.5,3,0.705,18.05,-0.095,0.017977958,-0.249148972,-0.566933322,-0.710459129,-0.81486958,32.575,50.925,48.7,44.575,17.375,5.62,-10.19,4.195,-10.19,14.385,4.9,8.12,15.59,15.59,-1.215,16.81,1
6.195,-10.585,1.5,3.495,23.67,-3.07,0.01656976,-0.296987534,-0.493120858,-0.729296772,-0.875254229,45.99,28.615,42.815,36.255,21.66,2.725,-6.52,1.41,-6.52,7.93,-1.03,3.145,-4.29,1.345,-5.645,6.99,1
-11,-4.5,-6,-2.32,29.53,-1.39,0.012788757,-0.243713316,-0.518765818,-0.722066663,-0.851004254,31.63,40.71,44.86,47.82,29.07,2.66,-5.77,1.58,-5.77,7.34,-2.49,3.2,-4.82,4.04,-4.82,8.86,1
22.3,-18,4.5,-0.195,20.525,-0.145,0.00292684,-0.342145437,-0.629344198,-0.765000053,-0.912036891,63.295,34.195,47.35,39.215,24,3.72,-5.985,3.335,-5.985,9.32,5.445,2.37,-0.995,1.82,-4.035,5.855,1
-5.525,-3.75,3,4.975,19.835,2.815,-0.008264569,-0.316458773,-0.498010619,-0.756361543,-0.872027122,43,36.47,42.45,37.01,21.53,4.645,-6.985,2.355,-6.985,9.34,-0.605,3.11,5.31,5.31,-2.585,7.9,1
3.714444444,-9.694444444,4,4.821111111,28.57555556,-0.811111111,-0.005855203,-0.307567616,-0.56337711,-0.757756026,-0.931260452,68.84,61.04888889,57.54222222,56.70333333,23.24111111,3.221111111,-4.123333333,1.935555556,-5.137777778,7.073333333,1.142222222,3.08,-1.104444444,4.586666667,-5.27,9.855555556,1
11.06875,-8.3325,3.75,-0.24875,16.46625,-3.57625,-0.013481304,-0.378855059,-0.6315477,-0.80250396,-0.904753354,44.825,35.57875,42.97,35.87125,18.21125,2.53,-1.425,3.1225,-4.79625,7.91375,-4.01125,3.56625,-2.02375,2.8575,-4.72375,7.5775,1
15.705,-12.835,9,-3.46,25.885,-6.98,0.000661298,-0.34187903,-0.538485156,-0.741456272,-0.860241846,66.165,44.76,61.69,56.62,29.19,6.105,10.345,10.345,-0.23,10.575,3.4,5.555,-8.28,0.245,-8.28,8.525,1
47.65,16.5,-6,-0.48,23.6,3.56,0.021188502,-0.323611126,-0.457077068,-0.583829714,-0.873290596,42.69,6.84,36.785,28.7,24.885,3.925,-6.83,2.83,-6.83,9.66,3.78,6.6,11.755,11.755,-2.605,14.36,1
-0.316666667,-4.474444444,-5.666666667,0.662222222,21.14888889,7.081111111,-0.01862294,-0.320011967,-0.562511931,-0.803812346,-0.895089254,53.63555556,47.53444444,50.08111111,45.43777778,24.01,2.624444444,0.12,3.587777778,-3.89,7.474444444,1.015555556,3.7,0,0,0,0,1
21.88,4.5,6,2.94,31.63,-5.71,0.004087014,-0.330059328,-0.546341463,-0.73489343,-0.910613052,50.95,24.5,34.72,40.39,29.7,3.92,-7.28,0.38,-7.28,7.66,1.24,3.01,-6.66,3.05,-6.66,9.71,1
25.25666667,-6.221111111,-0.333333333,-0.836666667,26.44,0.41,-0.008247018,-0.367585812,-0.573802557,-0.757879309,-0.88156136,59.54222222,32.83333333,47.31777778,44.72444444,28.49,3.22,6.342222222,7.07,-2.652222222,9.723333333,2.846666667,1.723333333,2.972222222,3.501111111,-1.638888889,5.142222222,1
16.94714286,6.857142857,-1.285714286,1.09,25.79,-1.971428571,0.002304493,-0.317856412,-0.524176723,-0.712609941,-0.888832072,41.71571429,31.48857143,36.45285714,41.08285714,24.72142857,10.29285714,-13.93142857,-0.522857143,-13.93142857,13.40857143,-7.162857143,5.875714286,8.867142857,8.867142857,-0.485714286,9.352857143,1
77.39777778,14.71,-6.666666667,2.247777778,34.49,-0.421111111,-0.009497185,-0.361443534,-0.482685827,-0.602606939,-0.886052924,64.96,7.394444444,33.57666667,36.09666667,29.70111111,2.904444444,-5.934444444,2.447777778,-5.934444444,8.38,2.688888889,4.581111111,-0.088888889,6.204444444,-5.6,11.80333333,1
33.435,-6.75,-1.5,-0.85,21.94,-1.895,-0.035221705,-0.356066532,-0.551875335,-0.769237103,-0.905018733,76.595,36.89,48.525,37.95,19.515,3.51,1.785,4.38,-2.45,6.83,-0.8,3.115,-5.475,1.93,-5.475,7.405,1
-17.16,-13.5,7.5,4.535,27.23,-2.31,0.026738779,-0.215882857,-0.492776086,-0.711910517,-0.868874847,46.875,56.105,59.485,52.11,24.35,2.78,-5.255,2.365,-5.255,7.615,2.97,2.775,-5.635,4.635,-5.635,10.265,1
-8.06,-1.5,1.5,2.795,20.83,0.265,0.023416738,-0.262711227,-0.50897558,-0.718234468,-0.863297899,50.875,49.205,61.225,51.53,27.435,2.385,3.985,3.985,-2.61,6.595,1.535,4.115,-6.29,0.04,-6.29,6.33,1
8.2,5.296666667,-3,-0.42,23.98666667,0.693333333,0.011968581,-0.372812921,-0.568963813,-0.767327448,-0.90439583,59.76333333,36.12666667,54.45666667,43.41,22.96,3.013333333,3.41,5.91,-3.22,9.133333333,1.946666667,5.53,8.306666667,8.306666667,0,8.306666667,1
10.96666667,-5,4,-0.753333333,19.25666667,-0.323333333,-0.007779601,-0.362098124,-0.608669181,-0.745311099,-0.86898138,43.19666667,30.43666667,44.84666667,35.13,18.07333333,3.106666667,5.54,7.73,-3.806666667,11.53666667,0.506666667,2.65,-1.783333333,3.003333333,-4.013333333,7.016666667,1
18.725,-23.515,9,2.865,35.58,3.14,0.031944519,-0.142175152,-0.49334982,-0.648319983,-0.891457449,23.74,29.085,33.15,44.735,32.945,6.665,15.035,15.035,-8.815,23.85,6.9,11.7,24.22,24.22,-2.72,26.94,1
32.785,0,4.5,-0.99,17.06,-2.385,-0.029817985,-0.241410416,-0.522611554,-0.726075452,-0.89260514,73.74,40.05,49.885,37.25,26.555,6.815,-4.49,10.19,-12.41,22.605,7.135,20.75,38.2,38.2,-0.475,38.675,1
34.02,-9,6,-3.56,26.33,-2.38,-0.006868231,-0.372044556,-0.600554386,-0.727324059,-0.900682716,44.995,26.08,39.965,45.685,33.07,2.215,5.365,5.365,-2.845,8.2,5.035,2.18,0.725,2.445,-2.42,4.865,1
73.184,-17.754,-0.198,0.424,29.01,0.798,-0.001202306,-0.368599636,-0.528203763,-0.661990583,-0.868375717,76.872,17.76,47.242,43.48,31.296,5.772,-2.524,4.3,-4.08,8.382,0.21,4.216,1.882,6.856,-3.712,10.572,1
50.302,-5.286,6.9,3.048,21.146,2.878,-0.006664082,-0.242041679,-0.55896333,-0.681259419,-0.798430523,45.944,23.86,36.05,42.276,26.18,5.104,10.454,10.454,-6.708,17.166,9.206,11.774,21.886,21.886,-9.844,31.726,1
20.05,-4.5,-3,3.01,15.32,-2.09,-0.013034549,-0.366980499,-0.698029567,-0.824633467,-0.922138398,88.19,51.15,51.43,37.78,16.1,3.03,7.28,7.28,-3.53,10.81,5.82,1.78,-5.77,2.62,-5.77,8.39,1
33.75,-14.25,7.5,4.395,22.345,-1.39,-0.002415755,-0.328080324,-0.523794246,-0.667880835,-0.841956762,59.16,34.595,52.945,52.645,33.37,7.21,14.805,14.805,-0.09,14.895,2.9,9.035,-20.41,1.62,-20.41,22.03,1
24.25,-3,0,-1.24,23.71,0.18,-0.044165758,-0.356123465,-0.557631217,-0.755417003,-0.903892656,47.74,30.72,36.63,41.88,21.39,3.9,-6.66,3.12,-6.66,9.78,1.17,4.21,-9.08,3.41,-9.08,12.49,1
-6.69,-15.16,0.75,4.24,20.32,-2.92,0.016324343,-0.322807829,-0.524922741,-0.787016209,-0.93194862,60.19,48.805,53.195,39.845,17.02,6.01,11.21,11.21,-9.265,20.48,3.07,15.335,25.875,25.875,-1.025,26.9,1
-0.76,9.5,-1,-2.336666667,21.44,2.2,0.012447797,-0.305648648,-0.531056884,-0.749040636,-0.912762306,72.47333333,51.81,64.59,45.97333333,17.94,4.193333333,8.6,8.6,-2.81,11.41333333,5.72,3.21,5.4,5.4,-3.163333333,8.566666667,1
18.29,-2.443333333,-3,2.493333333,14.92,-3.936666667,-0.042195699,-0.357430184,-0.688754987,-0.815499346,-0.893484415,47.51,42.91666667,53.78666667,34.35,15.03666667,2.426666667,-3.74,3.77,-6.75,10.52,-5.69,1.5,0.243333333,2.03,-1.48,3.51,1
24.16333333,-5,-5,2.826666667,18.10666667,-0.193333333,-0.000695309,-0.319070233,-0.511121463,-0.737854694,-0.904707936,61.8,31.15666667,43.80333333,39.04333333,22.96,3.103333333,-1.7,4.69,-4.203333333,8.896666667,0.786666667,5.05,-9.376666667,2.796666667,-9.376666667,12.17333333,1
17.565,-18.75,6,3.805,24.155,-1.36,0.008686649,-0.312076294,-0.489449591,-0.77172752,-0.928970027,51.375,26.91,40.17,33.385,18.24,3.335,-7.11,3.355,-7.11,10.465,-1.41,4.73,9.8,9.8,-5.96,15.765,1
24.74666667,-2,2,-1.438333333,21.01333333,-2,0.016341575,-0.270776889,-0.587972673,-0.674428652,-0.833375339,48.97666667,18.62666667,47.60833333,38.115,25.70166667,6.87,13.75333333,13.75333333,-4.39,18.14333333,10.76333333,7.27,-13.14666667,1.086666667,-13.14666667,14.23666667,1
-4.846666667,-17.5,-3,4.51,21.76,-1.893333333,0.00639943,-0.32803663,-0.614600927,-0.799742783,-0.897299224,55.43333333,47.43333333,47.68666667,43.65333333,26.31666667,4.73,-6.926666667,1.586666667,-6.926666667,8.513333333,-6.656666667,3.39,2.86,5.91,-3.2,0,1
28.618,-9.21,0,0.492,28.472,0.068,-0.016202177,-0.345849247,-0.604291609,-0.752140947,-0.859027256,59.3,32.608,50,50.66,31.18,4.174,8.122,11.008,-2.352,13.364,2.626,2.55,-2.166,3.312,-3.706,7.016,1
18.738,-0.596,-4.2,1.916,18.806,11.15,0.005255857,-0.386239048,-0.625712931,-0.783836244,-0.909923644,61.312,30.952,39.888,41.754,19.064,3.206,4.646,6.886,-3.4,10.286,3.828,4.414,-4.1,5.698,-6,11.698,1
11.07,-9.75,0,1.86,15.0625,5.2925,0.001132739,-0.373053408,-0.575160108,-0.772024262,-0.888396207,92.11,64.7775,60.9,43.465,18.675,3.9475,10.37,10.37,-4.405,14.7725,5.055,10.43,15.1625,15.1625,-0.8875,16.0525,1
32.40230769,-9.715384615,10.04307692,4.592307692,26.73538462,8.916923077,0.02169446,-0.327845807,-0.492222209,-0.588321101,-0.90754959,36.48769231,5.779230769,32.96538462,31.29923077,24.73230769,9.353846154,-9.779230769,11.75846154,-14.65307692,26.41153846,4.543076923,19.66153846,31.21076923,31.21076923,-9.052307692,40.26230769,1
80.31043478,-8.877608696,-16.59782609,-0.395,27.34869565,-0.335869565,-0.005645021,-0.38380924,-0.521915332,-0.598920915,-0.864696268,57.89304348,3.496304348,29.54173913,30.46326087,25.97804348,6.688913043,-8.544347826,2.107173913,-10.13934783,12.24673913,-6.428043478,12.17086957,18.5976087,18.5976087,-1.51173913,20.10869565,1
3.915,-12,4.5,2.305,24.165,2.6,-0.016132919,-0.329470779,-0.560336897,-0.728861824,-0.902457724,19.32,46.245,41.57,51.96,29.725,2.055,4.33,4.33,-3.235,7.565,2.085,2.68,1.385,4.84,-2.575,7.415,1
2.245,-7.5,-1.5,1.685,21.985,-7.1,-0.031062572,-0.306365776,-0.624328727,-0.758607373,-0.899366439,29.045,28.495,32.21,32.785,20.635,6.695,-9.035,-0.3,-9.035,8.735,-4.21,6.705,13.07,13.07,0,13.07,1
11.32857143,-5.142857143,2.571428571,3.817142857,27.44857143,-6.227142857,0.009020247,-0.351238012,-0.495088698,-0.735031029,-0.895646587,47.19857143,35.88714286,44.81142857,43.97428571,26.91714286,5.012857143,-9.444285714,0.502857143,-9.444285714,9.95,-6.678571429,4.617142857,-0.128571429,5.037142857,-6.871428571,11.91,1
41.7552381,-6.142619048,-11.39285714,1.843809524,32.4202381,1.292142857,-0.01448155,-0.340637884,-0.54424346,-0.70750834,-0.900035449,63.03238095,43.86809524,52.59357143,59.04666667,33.68857143,5.641428571,-9.337142857,1.168095238,-9.897619048,11.0652381,-0.445,8.202857143,12.42547619,12.74761905,-1.731904762,14.48047619,1
21.35,0.75,7.5,-3.08,21.43,7.31,-0.000806228,-0.331174581,-0.570148425,-0.728314455,-0.849327923,48.1,25.35,50.21,42.68,25.695,3.53,2.185,6.365,-3.825,10.185,3.555,2.8,0.505,4.59,-2.49,7.08,1
65.38736842,-3.952631579,5.684210526,0.04,28.46052632,2.094210526,-0.030356585,-0.388482567,-0.521768206,-0.632918748,-0.826839796,52.65105263,4.871052632,29.73894737,37.21052632,34.68947368,9.037894737,15.22947368,16.87368421,-3.037368421,19.91210526,7.456842105,4.691578947,-2.583684211,3.885263158,-5.824210526,9.711578947,1
13.48,-6,0,1.33,25.81,-1.84,0.008001838,-0.365385352,-0.558558903,-0.78157663,-0.936253302,59.87,42.63,43.73,43.56,18.13,2.12,4.58,4.58,-3.07,7.65,1.73,3.54,-7.05,4.25,-7.05,11.3,1
13.59333333,-12.64333333,-1,2.05,14.90333333,2.706666667,-0.035092775,-0.293541777,-0.486191826,-0.724821094,-0.84354738,49.32666667,29.24666667,44.75666667,23.25,8.283333333,4.27,0.46,5.9,-8.163333333,14.06666667,-14.65,2.52,2.233333333,4.75,-2.9,7.653333333,1
21.34,6,-3,1.37,33.32,-4.78,-0.018850284,-0.280555907,-0.519595704,-0.694200884,-0.857030954,49.11,35.63,50.03,50.92,35.88,1.09,1.78,1.78,-1.57,3.35,-2.56,1.05,1.92,1.92,-1.47,3.4,1
4.155,-15,3,0.76,9.53,0.645,0.017325656,-0.257616868,-0.512033719,-0.691731737,-0.880190965,50,31.86,46.6,26.345,15.41,4.105,8.05,8.05,-5.61,13.655,1.455,7.165,11.985,11.985,-2.84,14.83,1
41.89,-13.5,0,0.51,19.39,-0.45,-0.004381263,-0.340899557,-0.571708227,-0.685271498,-0.868865066,56.65,15.38,41.09,33.02,22.89,2.48,-3.73,3.04,-3.73,6.77,1.88,2.67,-4.92,0,-4.92,4.92,1
17.96,4.99,0,-1.88,23.07,2.52,-0.006638306,-0.328689636,-0.519774672,-0.792599691,-0.914473377,76.83,39.33,57.51,43.77,28.96,3.58,6.84,6.84,-5.04,11.88,10.76,6.59,-12.56,2.5,-12.56,15.06,1
52.495,-6.75,-6,0.67,20.925,1.115,0.009534366,-0.362962735,-0.583053665,-0.722333405,-0.87350801,77.855,20.785,43.775,33.31,22.255,4.815,-12.54,0.46,-12.54,13,-2.8,8.495,-15.735,0.525,-15.735,16.265,1
3.7775,-10.125,3,2.0025,27.885,-1.515,-0.006801595,-0.288428679,-0.502152403,-0.717922566,-0.877518312,40.8475,31.7525,42.88,44.3575,26.0175,7.8,-11.5525,1.6325,-11.5525,13.185,-1.8725,6.8175,10.475,10.475,-0.9575,11.435,1
6.19,13,4,-1.343333333,20.99333333,1.463333333,-0.027418991,-0.329896219,-0.497541141,-0.767957185,-0.880563742,51.05333333,36.98,46.29,37.31333333,19.98,5.47,5.016666667,10.10333333,-5.006666667,15.12,6.85,3.456666667,1.24,3.776666667,-4.17,7.95,1
0.0325,-11.4425,0.75,1.7925,23.045,2.38,0.014499552,-0.313882461,-0.516042279,-0.765427273,-0.928643651,54.4975,42.1875,49.1475,38.845,19.04,5.6,12.7875,12.7875,-6.685,19.4725,7.0025,15.73,26.2025,26.2025,-0.3425,26.545,1
77.67785714,-10.67,10.18,1.460714286,18.98571429,-6.797857143,0.001090182,-0.409824803,-0.539177989,-0.571762776,-0.908814156,68.17428571,-2.326428571,25.84,28.90428571,19.53285714,6.485,-9.371428571,1.052857143,-9.371428571,10.42214286,-2.696428571,4.551428571,6.083571429,7.855714286,-3.190714286,11.04714286,1
32.7475,-8.869166667,-1.75,-0.739166667,22.64333333,1.599166667,0.003557165,-0.347267315,-0.587533787,-0.746808111,-0.906927876,62.05333333,23.9825,41.55333333,35.0775,26.6625,3.596666667,0.844166667,6.185,-5.07,11.25833333,4.893333333,3.7325,2.3975,6.2725,-5.694166667,11.96666667,1
-12.14333333,1.95,-3,1.826666667,24.96333333,5.826666667,0.041606575,-0.290307901,-0.511369524,-0.748799339,-0.90917683,42.12666667,49.34,49.25,46.17,26.82333333,10.9,32.34666667,32.34666667,-2.853333333,35.2,-3.933333333,14.81666667,27.07666667,27.076666,0,0,1
15.38,-12.75,-4.5,-2.39,25.11,-4.04,0.016468111,-0.250215907,-0.506157796,-0.694689271,-0.824422965,39.805,28.345,40.78,37.53,21.76,7.505,-13.715,2.315,-13.715,16.03,-3.915,5.81,10.92,10.92,-3.665,14.59,1
7.325,1.87,2.5,0.483333333,26.145,0.391666667,0.02385787,-0.306044975,-0.598565585,-0.703447725,-0.844341586,47.74166667,40.42166667,55.56,52.69,27.90666667,3.91,10.85,10.85,-2.668333333,13.51833333,5.716666667,2.926666667,0.273333333,4.008333333,-3.438333333,7.45,1
-7.515,-7.5,21,-2.69,23.33,7.895,-0.041050058,-0.298031141,-0.517436623,-0.809644833,-0.932591258,21.49,40.08,32.805,40.335,18.295,10.445,-16.69,1.205,-16.69,17.895,3.705,5.06,8.815,8.815,-6.76,15.575,1
36.92,-7.85,3,3.78,28.34,6.37,0.006507592,-0.372814468,-0.524527612,-0.745472127,-0.856440948,74.94,29.09,55.72,50.14,33.36,8.52,-12.24,5.64,-12.24,17.88,3.08,11.61,15.92,15.92,-0.02,15.94,1
6.87,-6,0,-0.73,26.28,-8.3,-0.005593186,-0.326405993,-0.50297619,-0.721495279,-0.871202791,34.61,29.05,44.09,42.44,27.79,5.08,-7.84,-0.24,-7.84,7.6,-6.12,4.27,-7.81,0.21,-7.81,8.02,1
-28.255,-9,4.5,1.74,24.44,-2.045,-0.001866042,-0.308188086,-0.63490425,-0.793835444,-0.904103969,62.905,69.11,62.66,56.015,22.33,2.485,7.175,7.175,-3.565,10.735,3.685,4.015,-6.355,0.87,-6.355,7.225,1
25.59333333,-6.5,-5,2.49,26.39666667,-4.003333333,-0.008310015,-0.32458936,-0.531249207,-0.690297656,-0.871029918,43.03333333,21.55,39.12333333,43.76333333,32.16,6.023333333,-8.5,0.906666667,-8.5,9.406666667,-6.95,1.473333333,3.273333333,3.273333333,-0.916666667,4.193333333,1
12.11333333,-8.5,6,-0.533333333,24.99333333,-2.876666667,-0.002745081,-0.331249371,-0.619030167,-0.765561448,-0.862314779,66.4,56.22333333,59.95666667,56.48333333,30.45,3.753333333,7.133333333,7.133333333,-5.86,12.99333333,3.773333333,4.966666667,5.456666667,8.49,-6.833333333,15.32666667,1
7.625384615,-6.364615385,7.423846154,0.762307692,23.34538462,-12.20461538,0.031256334,-0.096718771,-0.484329738,-0.617674297,-0.899456818,18.48461538,30.31153846,34.58384615,39.50769231,24.92076923,13.21538462,-20.87692308,2.378461538,-20.87692308,23.25384615,0.326153846,22.84384615,35.88461538,35.88461538,-1.573846154,37.46076923,1
59.77666667,-3,-2,-0.66,27.21,-3.366666667,-0.022324251,-0.3458786,-0.480111513,-0.653525033,-0.864452204,67.65666667,15.22666667,40.27666667,34.13333333,25.45333333,7.11,-11.48666667,-0.55,-11.48666667,10.93666667,-8.42,5.686666667,9.633333333,9.633333333,-0.046666667,9.683333333,1
23.055,6.087857143,-8.25,-0.975,22.07785714,-1.687857143,-0.018434205,-0.34889549,-0.659706301,-0.783159504,-0.894780085,56.26571429,28.21142857,46.88785714,33.21214286,20.70428571,3.228571429,8.403571429,9.205,-2.730714286,11.93357143,-3.761428571,5.572142857,7.962857143,9.385,-1.686428571,11.07214286,1
18.29333333,-4.081666667,2.5,7.088333333,17.64,-0.878333333,-0.031257159,-0.267814157,-0.540047613,-0.75863855,-0.905962899,76.95666667,55.27833333,65.08833333,37.405,17.385,3.291666667,3.28,5.646666667,-4.003333333,9.65,7.131666667,3.803333333,-3.273333333,4.711666667,-6.926666667,11.63833333,1
24.4625,10.945,-4.5,-5.1725,21.7575,0.87,-0.046367719,-0.340481498,-0.671835441,-0.769825143,-0.886089684,31.21,23.055,42.8025,26.465,15.2175,4.105,-7.7675,2.565,-7.7675,10.33,-2.71,8.2525,11.395,11.395,0,11.395,1
40.23,-12.5,0,-0.49,23.02,0.473333333,0.012405062,-0.415677199,-0.674844769,-0.724915741,-0.898505876,57.45333333,18.73333333,40.89333333,33.42333333,24.98333333,2.776666667,4.873333333,4.873333333,-2.116666667,6.986666667,-4.306666667,6.356666667,6.143333333,11.42,-7.006666667,18.42333333,1
26.03,6,3,2.45,8.59,1.56,-0.027767818,-0.41400741,-0.533444883,-0.757161069,-0.915640811,57.28,29.86,34.09,21.83,7.8,5.61,-8.19,3.59,-8.19,11.78,2.65,7.64,11.37,11.37,-4.14,15.51,1
11.635,-1.875,0,-1.935,26.945,0.2775,0.00126786,-0.290187497,-0.528514654,-0.707819281,-0.86019408,51.885,42.7975,51.23,48.6275,29.485,4.6925,-8.36,2.18,-8.36,10.5375,0.6475,4.8975,9.9425,9.9425,0,9.9425,1
-10.28,4.75,-3.75,1.895,22.26,-0.855,-0.022263164,-0.362488002,-0.695089527,-0.792140596,-0.884194036,41.985,48.5,42.565,41.315,21.81,4.605,9.905,9.905,-4.85,14.75,2.68,4.025,6.25,6.25,-3.195,9.44,1
44.64,11.04333333,-1,-2.206666667,18.51666667,3.88,0.013413041,-0.397374469,-0.60699641,-0.722584376,-0.86404464,84.33,26.66666667,58.78,35.1,20.32,4.19,3.546666667,7.46,-6.073333333,13.53333333,7.513333333,4.256666667,3.65,6.406666667,-2.456666667,8.866666667,1
32.028,-2.472,3.6,0.404,23.394,0.566,-0.039975992,-0.402186632,-0.584336907,-0.786034743,-0.91986666,65.756,32.972,45.82,44.14,23.276,5.442,7.526,10.358,-5.364,15.722,1.226,3.294,1.15,4.038,-4.272,8.312,1
-2,-5.2825,-8.25,-3.51,22.82,2.19,0.003956675,-0.308909253,-0.621441718,-0.761355402,-0.87404049,40.0275,39.8425,43.4075,43.455,24.4275,3.7125,-6.2525,2.1225,-6.2525,8.375,-2.34,5.065,9.2175,9.2175,-2.5475,11.765,1
-1.04,-18,0,7.14,26.41,-13.56,0.012147397,-0.324722329,-0.585608614,-0.787137784,-0.913475241,74.87,56.45,63.78,55.01,24.74,3.11,6.04,6.04,-1.72,7.76,-1.24,5.03,-8.69,0,-8.69,8.69,1
11.765,-12.75,3,2.83,27.47,0.165,-0.018320858,-0.315416782,-0.503615655,-0.713947417,-0.870194529,34.19,24.31,30.465,35.11,24.565,3.29,5.27,5.27,-0.18,5.45,2.735,4.78,-7.87,0,-7.87,7.87,1
38.4675,-7.125,14.25,0.1325,25.2425,0.6025,0.011684274,-0.362313817,-0.538484511,-0.680354315,-0.895524139,45.8825,18.63,38.2275,40.0675,29.3525,5.1875,6.5675,10.245,-4.375,14.6225,4.0725,6.99,7.455,11.15,-7.175,18.3275,1
-2.09625,-4.09625,-1.60875,2.8075,31.20625,3.2625,0.008504443,-0.147609911,-0.508851424,-0.714326924,-0.915309358,17.05875,24.4825,22.34375,45.265,33.72625,7.0175,-4.25,5.73125,-10.92625,16.65625,2.7375,6.43375,10.8275,12.33375,-5.02125,17.3525,1
-6.56,10.5,-3,-3.32,26.62,9.49,0.025492492,-0.142640885,-0.697218634,-0.786311158,-0.927619893,23.36,25.89,23.06,34.95,27.17,5.49,13.94,13.94,-2.98,16.92,14.32,6.38,11.79,11.79,-6.93,18.72,1
12.52,-8.745,2.31,0.97,12.04,-0.025,-0.042312264,-0.340237709,-0.654338196,-0.758995138,-0.834262561,22.645,42.975,38.19,38.48,10.06,3.205,-5.07,0.355,-5.07,5.425,-4.265,6.015,9.935,9.935,-0.83,10.76,1
31.79,7.5,3,-0.085,20.87,-3.86,0.00618065,-0.339315262,-0.503771657,-0.710409772,-0.85363539,58.75,21.36,46.56,35.76,22.945,1.41,-2.91,2.04,-2.91,4.95,-1.27,2.8,-4.945,0.195,-4.945,5.14,1
-15.54,10.5,0,-0.56,22.34,-0.08,-0.050448176,-0.320641333,-0.693069057,-0.795177377,-0.933644742,28.11,47.62,40.32,40.27,20,1.21,2.13,2.13,-1.25,3.38,-1.04,0.92,1.74,1.74,-1.58,3.32,1
-4.9,7.54,3,3.18,16.71,-0.77,-0.039647979,-0.306445361,-0.688493194,-0.779143202,-0.899728688,0,43.83,43.74,33.44,16.88,6.44,11.59,11.59,2.46,9.13,12.97,2.83,-5.14,1.57,-5.14,6.72,1
10.036,14.766,3.3,0.654,30.203,5.049,-0.014646507,-0.236304866,-0.545248239,-0.686536445,-0.822313647,41.743,41.062,50.961,55.117,31.922,4.387,8.998,8.998,-1.211,10.208,4.303,3.629,3.791,5.699,-2.72,8.418,1
14.658,-15.324,-3,4.35,30.29,0.118,-0.01742348,-0.306454353,-0.535980211,-0.755292304,-0.927401478,69.09,58.604,63.28,59.608,26.414,4.77,5.494,8.098,-6.564,14.664,4.818,9.916,17.316,17.316,-10.454,27.766,1
6.051052632,-10.59789474,2.684210526,3.438947368,23.26947368,0.469473684,-0.004732955,-0.302130639,-0.542925797,-0.732026779,-0.868887162,41.36052632,30.43736842,38.50947368,36.63473684,21.97578947,3.149473684,3.015263158,4.956315789,-3.147368421,8.103157895,3.423684211,2.464736842,-3.208947368,1.788947368,-4.66,6.454210526,1
8.97,-1.5,10.5,-5.99,26.66,2.84,-0.041355893,-0.295397162,-0.540282091,-0.748236933,-0.861523058,47.62,42.52,53.86,54.6,31.515,4.675,-8.82,3.25,-8.82,12.065,-0.87,5.82,-11.735,0,-11.735,11.735,1
1.633333333,-1.25,-3.5,-0.71,23.21,-0.14,-0.010473053,-0.296309378,-0.570033924,-0.759481194,-0.887441371,39.10833333,38.66,41.49166667,44.335,26.00666667,3.596666667,-2.893333333,2.356666667,-4.811666667,7.17,-3.93,4.441666667,-8.143333333,2.085,-8.143333333,10.23,1
7.085,6.375,3.75,-1.26,8.9975,1.495,0.007097696,-0.384089285,-0.615591841,-0.77589752,-0.920968717,86.3825,55.34,66.385,39.8225,8.3375,4.7025,-4.505,3.2025,-8.565,11.7675,-5.29,6.59,12.155,12.155,-1.355,13.5075,1
13.7,-11.185,0,-3.685,14.955,-1.605,0.023596669,-0.359318201,-0.651756277,-0.782388621,-0.901354721,31.95,8.785,29.81,20.91,15.385,5.39,11.755,11.755,-4.75,16.505,2.935,5.06,1.47,8.315,-6.88,15.2,1
-1.5625,-1.325,4.125,0.9175,22.945,-4.3925,0.020114138,-0.331207535,-0.542680513,-0.727820335,-0.909481097,53.415,44.555,50.51,44.47,22.83,7.9775,-10.915,-0.1875,-10.915,10.7275,-2.28,5.2775,9.62,9.62,-0.4425,10.06,1
